41754.4907918338,49964.8900830035,48898.34276844564,55032.808311357905,61354.79732882141,66202.80592658612,68552.49901583306,66919.58231053627,66629.34896879017,72973.21527362752,84360.48558782531,82226.49802974175,76533.9633604112,91322.252892411,90592.44076803041,82735.63738566499,78741.52931106991,80702.52622607659,99910.13440884213,88713.0262711581,85662.334047103,81193.43226409054,85485.744333142,89535.45637660973,94254.6031143915,95272.20310414693,96751.96442654775,93558.07270806043,94440.73221349005,102069.03383327453,87138.45188378448,85087.1233349409,94207.65428371969,86816.95424127043,96347.810387138,84695.7304997533
40961.13022050156,49340.41758038127,56412.21661032073,55836.960583682325,57147.413220929615,61321.11606957128,69430.9695174804,69144.15385276006,78228.95311733361,84340.79195672304,82587.4917937496,89949.88190328864,92719.6116725936,88365.7722846929,98214.25880417196,95843.94021774389,94547.44527958853,95567.98483227604,98052.83206188589,87335.98684384843,103786.59180643664,99079.33133743529,94266.99315588913,97964.28028613282,108837.92744042107,101035.14110896125,103484.04919228905,116420.35198146456,104131.45366772916,103295.63329376827,98653.68964876616,109504.58194902742,99152.5008518306,107622.52800550146,109953.70700989984,100212.78772639697
40888.35979869546,48373.22745507017,48212.87524993257,58620.17040356786,58125.39224733616,72012.50579471138,66063.54919025865,75770.2793257048,89354.16437583086,83448.02966301635,79399.33957648893,92575.3689684498,87228.14011525226,95570.93637323703,102280.61006029954,96731.52902301388,100268.3901132248,106149.48051699523,94983.73845253332,113704.814779797,100300.43146678261,100647.37105364217,101683.52033876962,102907.43750895916,99140.82733631166,110121.5607806205,107335.68273183994,108705.00222767395,102936.1687770969,103366.43580388867,119033.47687941192,118592.35802900532,125004.0259238496,110181.20660381825,117539.84568593236,114411.10609809554
44113.90488784369,45490.24465577731,55473.095422237195,57938.67016380632,65046.212968871005,65323.567610879254,73632.67015990044,75902.69465016072,72094.07835661105,82031.44176763049,86137.66827803724,83692.74485550207,88007.70687157579,98343.6885819392,88582.10682193337,90013.46839683634,83621.50839109003,95709.01872458908,84107.14245179549,84803.9685190086,88256.22800776761,90229.70357775403,98761.14223195409,102211.90344108843,91991.73605247319,99764.95820435384,88752.99997660145,99483.07045115044,91730.63612423692,87049.66407201687,87907.58113952799,102796.60705082188,87545.369282498,91619.71240977969,96208.71122914887,85500.99531619431
40654.750482783376,50701.74104884212,53559.290227210506,57079.144220835966,54717.54010196876,63563.01209082665,60976.146916160236,68357.85759376507,72929.71049914935,70786.03014304502,67928.81625086445,74452.82662908979,75341.91181242614,84233.70160771406,73848.67460729781,82343.61466471026,86976.37045388174,77996.04996312506,82578.10636814887,75840.23783785295,86389.01087470485,87208.55045676266,81932.48407293449,92341.47959718035,77370.54482605474,77308.68729968072,88709.19514050742,87832.42433231664,90132.44791778293,80632.56658457025,79475.94052803464,92707.38519569958,95963.12861114889,90983.9772058312,88322.80641847951,89976.79134137637
43962.91076179975,48775.751369164376,56997.97666621858,56506.006549608224,59099.833686467995,64400.819524927065,74149.9350666019,74964.18612185911,79617.02115152153,83354.82059007311,83437.13621028437,80985.82281279545,91939.00806293529,90392.38395383093,92604.42200568254,94813.13926034785,87209.92504598852,88617.57902349145,103945.80315766452,94088.14340583078,95551.84050618969,102190.45085839872,103970.77845809388,105797.60998195579,102696.45976406301,100123.31279404249,107405.18223639183,101359.59129404793,99672.82716005798,102127.64412895362,101655.40550046806,93116.47150624348,94399.7604436829,112743.87322305019,102286.52949772883,105633.5281793374
42381.44937040562,49783.15827341473,52566.22674290576,58422.41341966017,63423.93066032992,64400.26719849697,71341.57069744723,67239.04458880602,74159.87356705335,73949.97835650067,77664.61307506518,80247.90901972695,81616.02891981932,86358.11645568343,86626.50134537046,91461.95440166452,84933.44106711517,86949.94567041777,84816.2758810634,86620.4232681357,83444.39632056534,83343.63869658197,92725.84627396755,95818.33094203839,93827.13352355351,89853.71538241894,86302.95674112663,82944.14546434091,87803.09407905715,83257.78420635515,95971.12972276464,97366.87296179408,95312.09191662056,94593.52194596236,82044.12293731191,88474.52501491187
41079.7158874005,49640.31219913444,54972.29202429383,59798.0963207239,60471.998960765246,64699.82060891315,65893.65642814802,71812.70738919149,75758.54246603517,83630.68821455455,84860.83867731199,93984.28099498054,78538.4489136158,93098.19554894933,82490.69926437848,98953.57260495576,96143.37768158205,91038.04799167986,90607.08669377545,94040.2632093668,95833.49569909231,103997.06310546532,104063.13118964981,97136.63583382228,94786.52006280732,96800.50510572438,107142.87642568922,101425.87534875295,102074.39886441996,105307.72288064544,106870.65618482765,100873.76282535431,112307.31156883248,99712.75982488596,103993.44681782188,100039.81810264752
45776.99776588537,45552.728760247046,56365.773680895305,51819.85062054371,54673.81439652569,66265.76522291682,70423.64707538276,72472.25167664142,83023.49739574332,70131.43420005504,80453.57529625726,86251.8217578198,75886.58781830488,89681.40994213277,88368.19446217321,88324.92963539601,85553.33103952659,87587.28986316547,97397.73531573982,101027.78766066379,87220.18463760076,93477.81802813036,96178.59420584865,88613.98026306626,88917.53957524194,103234.70116069517,89744.78224843202,90105.98865397708,99304.38310687755,83944.7355230222,88407.28986594555,88079.94043731806,83824.40030176108,91410.77714755412,104596.24097432775,95942.66422005824
44554.215568645726,47772.20704147644,51373.36952581053,57271.25858874915,59757.71892717676,57779.4358926483,70465.12456384553,74344.74966771956,67883.99045674293,75187.79721711112,75146.4606272317,83152.76366705459,79659.4921421617,85008.81481950473,86849.56488737065,80997.52200612854,82108.52833455041,94421.0804540331,93435.73856680389,96480.84787906833,89898.55153079302,103905.94651727815,97374.04068104576,103048.20161904526,94864.64939463578,84055.75754067075,102046.01472688216,101633.88022663753,85550.7134197068,95330.34421058462,85287.57789698134,85330.09680237583,104004.29868355757,89384.69044060685,90951.4606157412,96320.57512106004
42991.31265555369,46205.93856471121,50887.28045619506,62121.180388595414,63287.51730528132,63695.600061442405,69136.6773002798,80446.2082457683,77545.04664743437,73648.79463648275,79665.7272632368,93523.40753551226,82293.98873944275,86577.4177030967,81319.9743070181,95254.03252634214,84709.93997036648,86578.12867479704,91124.60046149057,90181.04417332547,94403.6564532678,102176.89547719555,99348.39845195843,93660.51937497126,89859.93835326293,94573.37643647422,98444.49538932787,88544.09035025304,97373.28102714672,103646.64951050573,100845.09671592654,106149.5848866564,91084.83304956346,97161.16922571909,95620.97771972003,97070.8357996117
45571.81071129901,45188.72696758829,53460.657230476565,54159.34265965779,58763.31121912757,57605.45222544187,65209.997847942446,71905.58605045674,72017.5588840473,75359.00212834468,67772.6257985227,80616.40262110978,79707.34397752669,85715.46790002973,80925.12425189975,82439.51390774008,80226.76948758113,80632.08075092126,87217.37484237103,90588.08532821407,88268.17666061205,87691.62393651076,92618.06270722016,89365.11660987987,88737.62613750747,90584.35942462207,77892.96991574191,91949.73281623668,80624.43575599598,86536.30015258235,85288.92073374653,86312.36512191528,91401.02621118142,89489.31725963322,81511.9061787483,90663.14649924074
42956.56813583071,49274.50705968852,50262.077473486475,57963.27720367768,57931.372582872646,61287.836754298245,67899.2282493202,74316.40568354758,74370.94350238159,84079.01567063347,76142.68587030191,83217.24451972582,94431.0447602274,86740.31997703461,87385.49490459972,100743.22499303918,101339.69831765941,96067.90775625632,102175.42891404101,109830.72548367933,97958.29798405261,103984.28811832784,101352.86330869791,109444.84100419191,98494.43336962449,107308.8818304901,98526.71117113993,105208.60937958793,101993.58172201739,107518.98494254917,116029.07717498117,100547.52651632307,106062.71427773376,105666.88670112997,104468.52846139001,110170.52494740617
45606.57030204762,46507.37526373773,50306.20138695083,58503.14776169947,59512.88752644144,58575.200443943184,61358.298211830544,62469.800214687755,72412.56183528226,74356.35434791763,75380.84453057073,69630.22516770917,77150.38859238331,72015.5499095012,73499.74800265513,81122.0733961301,81629.01143317082,89621.95914242434,83014.8206745388,75317.75866804633,73890.11354651074,83044.41316191031,85309.4323638348,79668.90423092258,81459.73499329446,82471.36397683353,84329.946293238,80306.47969735097,86457.82139239289,82906.3583509339,83224.75267809462,91294.16539232618,85188.58250311027,86096.80360661677,84703.96114282115,88683.11109517177
43029.944491511545,49276.54367515103,54656.47412577348,57490.64821161207,58920.342957381334,70239.8364323092,66086.65208751074,84647.1747239845,80641.37515339299,90595.96652281127,83586.94087719636,95160.46280165858,88388.37765250175,90107.50578711885,96390.87681757694,100392.52699310628,107667.1508568718,90516.0636435956,99623.63455816872,96183.00614720007,114540.90779409942,111632.69595953485,99087.63565514307,101563.06706542739,102901.03191264582,94841.87505769728,93424.24228263198,116838.1219890902,101731.54132913116,109924.25628066185,104774.0781689762,109575.20393988241,93748.23970525005,107845.0801663046,100719.63578329474,117357.11645373814
44531.161863253525,47586.40673385944,53246.95586756844,56761.81699662743,58387.878647955775,75535.00258001717,77057.43436527255,73214.94631875298,80562.20141983866,82466.96280408211,92294.16899585752,95655.98727225763,100397.26152072585,95636.84514485823,100336.01027249482,96174.07729671452,97349.40985661678,110007.25845262315,97461.12590406906,110669.93744744573,109526.12467974165,100471.68931536372,114423.74301367595,107719.14861461852,109743.97247479549,119537.08471591434,117516.6099046387,107058.65408922118,116753.05812580895,112186.89333364446,115450.90864289213,122671.90294466515,106623.96551675635,109501.34607944461,100456.93397133115,105271.50188645627
43767.994283443215,45357.63577468552,52830.4627740937,56185.875903637134,55236.518432262135,65594.55039458434,72863.59022402272,76934.65440313183,69957.49418946529,82606.54606226968,91119.46964559832,82279.25059775062,78930.87141371387,84539.0919327607,91808.53573798077,91462.49507411844,95665.12581744653,93268.70560801866,94097.32393965665,93408.41345546275,96102.4250920967,91922.79388231644,86226.2804535687,102522.30530103116,91172.36684453199,85335.62259716625,89280.85439517286,90292.59331699573,96036.37290118652,85555.40147849002,93428.03213851462,105332.46564690197,99650.71863622253,90177.2574122028,90417.24633435196,98646.70228389867
44774.68406740368,43702.69861747106,49612.79532134246,50684.255681734314,58154.179056119596,60713.28984036714,58425.33601678636,61409.78449502552,71413.33914790725,69795.29420350626,68913.50279719698,78684.3114662196,71192.37015179243,84069.39132279418,81616.0023857611,85829.71584837316,86298.06027344392,88759.54136609391,80036.27040605657,78524.77005331696,88100.31506151099,76324.84936699481,88249.67507225502,81481.22519386423,94277.31186165968,94367.29018985908,89744.66423796133,91835.56684650213,89642.06346757954,91985.04596817016,84379.41767819105,98726.96073575236,96299.16704360761,87790.92725150482,82515.59987112333,97521.45645388713
42563.658833642614,43347.63140692876,47791.43391500595,51079.44802516251,54181.04019418717,59107.50900091628,56070.40621492702,64263.05237230797,68116.70156476676,59944.95068349685,70533.38423012808,72503.49172742502,69510.016778775,76490.47798838138,74704.14060948916,75817.80417552983,77314.62585084868,69909.30343854,78749.72428156761,77874.11391558667,80667.80110399314,82082.15858427776,77359.133890865,78667.785569317,74000.5601751155,83909.74040410598,78117.8476675308,85235.20225489949,82817.9556866436,84678.87813301568,79979.35417273219,79341.7636439288,86000.45197481877,76909.04438977122,80565.97905977815,86667.87009212383
42211.26447888269,46580.303184913195,50891.037251737245,53940.49122298986,52287.64012210496,63872.83582479928,58517.41603247945,57572.71501224563,69900.89626409684,73320.61577284019,71057.26476982379,67020.61652768275,79039.46957429999,73132.22521612346,73424.0274657909,78709.68595836553,81294.258455748,79302.07797670735,89168.83324394151,87152.99840059334,75564.66240152146,78387.01849337002,85886.19140316758,85975.63170180487,90087.12115453178,87786.33699515657,89748.7193879064,77765.29820484635,79958.57048543185,83818.92571722425,87213.42163245399,82843.90852025252,78202.76634559644,85205.64834676584,75450.80674895222,79977.41079113676
43479.24019327583,45087.47598378024,52679.0789693912,52912.272590136665,56665.3447346876,62212.799795262945,57759.243370889264,59513.60350115361,70434.64790473093,72682.08406718851,64201.4763021829,77368.02964206252,70229.2834117099,80384.76105588739,88738.3944039295,82264.32876598273,83435.42338620871,89408.50507767653,75043.73396479042,75257.38508063275,74555.39560246901,78127.29191378463,83544.6511220844,81913.95883252069,87178.27802546872,76728.59827721806,90431.47818390395,83606.60557747455,83207.44860482108,85619.85918221358,82796.5915217627,76775.79344155466,88582.94133697494,79917.82413711061,86767.65109081555,91336.84732223385
43420.97718217812,46315.83764768411,50196.28791669383,57579.486333956986,60343.592875169736,59944.037034312896,73699.10959618061,74034.36661974709,71625.51383388197,72542.92091863047,77739.23143847662,73704.56942115765,91623.09928690994,86749.71349764966,78292.84430008818,77336.7894006579,85315.70945074863,91912.1131411192,93364.04655419278,89829.59528482798,82534.25900360323,92794.37556366553,83305.33696672198,95075.48146550068,99812.02220391211,88280.38006925586,100922.77634660856,92356.20102845118,97157.51630580271,96361.88432577513,101601.09785402988,99803.13075625495,101554.10365983812,99681.38950015092,99979.02077118302,101251.78516659228
40886.328820578885,47178.37495305191,48847.965265451494,52080.9461844553,63252.13818642098,57994.64628308204,62233.407549525946,65627.22013078623,78259.4081992248,76618.69110256803,73028.82972868261,73447.19345431347,83155.12526330039,81175.15149495551,80180.3530161028,83750.40752723266,92559.32654705302,81447.04416108603,94264.81706704658,90868.67887118955,89563.31613763975,89479.48889913058,89577.00008906846,94662.13628520722,101251.74867515004,99832.95842777082,96410.41510989596,83862.92938747958,84016.62526342372,84606.23561988023,96157.51453743917,88626.95767274674,101142.41931364132,98308.29645323756,89833.30713742654,84353.61525052009
44761.96866934261,49555.935921430486,60054.76127688796,61670.48647987785,68541.77299588828,77113.69363731449,84731.35478037452,88960.23153181528,92941.73823729157,96348.74470236685,95844.0273600157,96428.30909526607,101351.83452537251,112661.2965923481,107146.66970158971,113739.56780009434,114759.04166913473,116233.33214129639,124729.2568914241,111736.89174220843,107343.428429988,105828.18865796694,131164.89059385963,115952.17392238828,126850.24298622223,114400.99338302547,125372.68062848135,123555.70324061772,129682.32561537661,129846.25032874268,125732.18832154856,132607.62553938275,125065.82525778285,116737.13801919686,123365.81172294848,134549.6159391589
43282.3383474485,44781.48147999867,44625.08672414445,51116.53847047681,51062.805109273075,55328.148497757786,52268.41999926102,51496.46264198262,54162.75090415796,53386.93164017763,63871.76291252603,53465.04293113554,53585.45071558353,54335.01546928726,60397.3135885613,59213.96809282662,60649.74754933102,63539.60086527311,57654.149675861176,62385.372492329014,65217.8748332772,62632.917044915754,65551.10871139923,58635.23873112233,63774.74331656852,65679.968625484,64767.204734740284,65402.18492855756,68998.62306549752,65196.59149222128,61898.70273739667,65080.388195928215,60011.423877054534,64726.387725998815,63737.812311507914,59277.85759366162
41750.86096518417,46170.06892252005,53437.41811022366,54530.12139940974,62707.22378512434,65083.43276359408,59830.35303173674,71912.35582839765,65224.21685919903,70620.27914402285,78093.87706778444,71840.97573996361,71657.6500549309,86801.25079201817,83620.92115784416,82326.06555021317,75759.46893776221,83316.97150088877,89060.58302265499,87347.14626073082,88743.49852350006,81983.36044664233,80979.7801823406,96049.26853024929,83859.38205310878,90213.86078821699,95898.83635007235,96254.87860506453,82446.989576628,94454.56196112171,90234.50681167646,87215.57390272306,80484.66480019543,75785.36962251489,82543.9130957578,93549.37235600113
42178.217344214674,44332.355863177,48643.510033827304,55761.075698845765,64499.57632645468,58671.503450271906,73124.29069602172,73175.86556448386,78330.24890170933,81014.04566537753,81752.66019459342,88230.02526092589,90268.74774244896,93331.738735964,82257.18935280247,93817.97708305139,93822.77673019949,94739.45181318317,84669.23078510449,88840.11634883004,96546.78197886724,96811.40350074945,94072.62727445614,92537.15131927283,107350.2284210146,99812.31463023924,88758.1047994193,99021.06434149331,91958.10865681001,88650.53486259609,98270.24147795046,108863.82667250487,87052.22312830065,96237.17406702251,104022.75244411067,89945.87021373796
42585.29494420304,50649.05007455775,50460.54985680794,61928.77921007285,60347.36582039812,69376.39780217933,76274.63192731989,73430.09449436354,77295.30358863442,81050.22264732176,90366.57520812843,81324.44331645382,85384.94267235682,97490.49601526826,88437.65215823926,89299.65044805905,100315.49707827636,89393.65683075786,86700.86980098035,97357.2664612657,92056.91323127187,89194.52711953901,100115.13071183296,103131.58207998627,92596.48623027827,93930.50842148943,95510.04927939395,108313.83595494309,102876.87071124303,114060.30785737232,111137.11745087877,100875.81647130646,105247.38222807291,109857.8948290037,99353.40519856162,104045.47343820275
45052.13707938897,48656.089977490905,52127.39222036948,53917.336739518985,54598.12339499417,57576.145114529194,62862.049663718564,67900.36106083918,73483.15401559634,70944.15012560718,72436.77771504744,71639.961589179,70323.67031617614,83896.27074422923,77456.32730582563,84784.6036223663,87857.91023893119,93646.55480514998,86599.44469808709,84950.96216881857,78630.82468371026,78156.42960199836,82975.06636735151,85795.47180269941,78853.68160585652,82751.7940819473,82532.9793524369,89700.33525745446,90264.32960240125,81626.1107628397,88966.76434182763,84075.62892809906,86315.22438682793,88137.22900503452,93717.60654744651,83566.28587145204
43533.40008058273,48110.28976212196,55176.56785112582,53009.885056279534,59045.78062360635,57912.15104468576,65626.4656583361,69201.350078489,73218.18885574641,68144.61882607106,86715.9120016131,80157.32914869308,78511.10597707093,92473.3492225149,83010.9881891681,96350.481417639,84548.87076308856,83577.40086355741,98655.00803057358,91895.03617278258,85764.18453726317,94834.04328283765,99928.1123431839,88758.91056648901,91107.0152469525,101653.99126363707,90304.683979625,104771.2731897434,98230.11107100312,104268.82212942887,89210.60979865323,90009.67246741921,98399.27976776261,101346.51207192669,98066.30053395662,96322.73117052505
41970.54567553866,50394.96716294413,52086.172925755396,55968.933534834156,57101.618421202234,54928.40055822494,58903.22954345522,65722.50378750387,64704.19381241793,68548.29025134284,61619.422749719546,70676.70641172456,71050.12445891187,73823.29585571065,73000.19944332211,71678.21068547587,82896.03182393208,77834.33858761226,80496.20196717585,81718.06174867258,81751.3248257721,83390.37186587886,88196.58940056221,83078.4349343032,82876.03422694266,82391.85796851841,82123.69655999712,76958.88153448897,84720.89265997778,78134.13995268181,77438.04954429682,85762.9074505007,83163.13453245469,82264.0040209787,81828.89075118239,82588.95615764466
41746.868293256266,48920.73961229305,55133.50941751303,56377.07580862911,62236.699271202844,60180.30761088351,65911.44925377883,75668.71060928356,79883.98993775164,72352.11820542073,77690.42357559534,87922.5331772212,81503.48377913098,88751.52807129492,91599.17520137211,82673.76218132715,83859.74960888154,99412.50855286309,95979.59884856877,102046.90698080367,99613.77381909883,110093.17815754474,104795.46388265758,92612.29343360348,105454.25874610638,97730.47714771936,112621.88688872912,111904.00265089488,107151.03979493075,112920.30366874696,104785.23606792919,107438.49783380321,107251.16983075511,102041.2209499649,107510.96239598558,100353.83756455178
46425.23645667182,49509.415445415856,48028.50412323178,52771.78400842969,58740.77848110482,56513.52526302266,59825.132367809114,64637.75009203977,71908.86116081104,64435.8724736955,67681.63321072239,80913.96920868877,76962.83420191151,76231.7829687999,72983.5391490077,80895.79084483391,86757.3298076402,77942.77367786074,82958.30578119398,80199.5812607385,82375.94090304963,78629.50216193659,85945.79555088881,78575.52341688218,83520.25463087118,80399.69400520723,92557.72200069121,85752.40308047636,87620.10536126082,87176.84987645011,85327.2574454082,80810.6192120771,83871.01640448919,79344.24279958784,96176.22888436506,87759.79010683957
42036.31249643156,51075.00587656964,51431.60718634431,57836.2128997026,63102.345702466526,71089.93575839215,71642.99327212386,74047.20584716197,88442.8188522381,81442.89447088316,81905.51838567472,77597.66309277991,85850.49931274759,82272.16923648264,82285.79241265706,100925.78669170108,97603.1266933739,96646.61128853522,97147.28792679975,100984.22642453281,96512.78005871052,88500.09967044456,100794.14351657534,101444.64883876385,96803.18806080267,105066.34162914629,110559.20994268253,104181.28818024546,107251.64778854296,94617.70669973354,95981.2781877938,111135.6037613377,104134.47731532028,102552.20416132829,112515.82869618305,107386.94602720295
44883.22366405181,47652.18857507518,49842.58286134162,55694.72133861361,61769.16794181366,66463.84573372747,63965.45855710811,73347.81157890934,78923.83675172928,79086.37375723732,80392.23067355259,76863.38427002158,76686.70417106242,92002.1309782755,90388.94932296596,82685.99516389033,91687.477184977,94074.6844035554,96530.0357766849,88994.48572288718,95725.26780821093,88521.0473436327,97213.45797020578,88300.50712470646,91558.4364631601,102917.53097803502,94763.26257535556,88657.91511924515,90986.509580752,91573.66178301205,94513.71088536127,104501.7855682144,96516.57067524506,98293.1560698962,99542.29505883844,96707.41756331935
40913.0906394881,51553.432037659964,52996.00564034956,54755.54853308907,60161.80589775185,64536.90091856313,68021.55166030626,68685.58917136473,72399.19831787916,65248.389603208605,74824.38242966105,77041.72623347449,78357.3967200508,84559.31168228363,79307.130006266,86436.04420523341,81089.96555605406,78021.8150066442,83660.9020840702,83319.64977402485,85280.55690492096,79589.58706531514,91273.24864087178,83606.90748952515,92280.12347414462,86525.29509167188,90738.38329053132,93017.9130725286,83597.9623917182,86200.57351453764,89862.60635648508,93560.43224768716,87294.99616857767,90182.63359105994,90902.68203335229,90742.83953952405
40923.54603131336,49333.662623604396,53864.55812038869,52997.639714624005,68373.89358681151,64605.5897736177,69494.78014320313,82965.77950185476,78295.26371516573,87277.41291304123,100212.84749419878,101465.33937481444,98505.35187918953,88044.44382616268,108042.92503761538,104928.74682327847,110503.9301216381,100870.6340096597,108051.23350226718,105005.36062977562,112432.61436896326,106558.84612573253,102862.1712168032,101945.54256997842,103602.5810895397,104227.27004275011,115625.93830261994,103878.02337589374,121464.92321037085,115485.03924572369,122755.80103113815,112445.23940876368,114166.01034586474,105840.11022196141,112631.01887213188,123738.20874009194
44352.57770595717,50154.74901951737,50787.813217629635,55482.663986843705,61327.27597843222,64373.109883028126,61701.66898618861,73119.41237393403,68721.26787581627,76120.30996548322,71311.884241761,83429.29080140893,74861.72343552718,85914.10885030455,90152.39571753576,89127.80045792376,84644.78314182299,90493.80567716449,90758.04806426808,91267.10658233217,84912.9856209092,91903.33971377273,87278.50005692996,96923.54496155959,96128.10496733061,95177.98132677659,104415.78115512422,86998.77296097009,95434.8873503541,97277.42661801432,97150.66324437757,99110.31611581735,94712.03025564604,99500.50795667223,96702.80325931768,98145.10413159813
43888.65508080312,45472.74258976441,48396.7722933182,60318.1682299253,54754.66652150938,70032.20920088519,67200.56922967367,69939.27096792129,73212.99815048324,75478.06382782658,87803.89368932148,89899.24256961312,83981.8697521152,95256.44911663797,93228.71969060166,90417.78637660845,90264.01797829816,96338.80297662441,87220.59264791329,103692.43586190698,94925.42402831564,110089.835610164,109328.04991682257,104101.54262498039,99303.76127158424,103001.66755660134,97744.99092267042,110379.6058567474,105180.08787321772,114118.9603566598,99385.06478752595,103936.95067609807,116942.90512207034,95573.52945325951,108132.2494991778,97504.16846609491
44440.084992670934,43932.691868398375,51934.65616023734,51968.95503695431,56288.11457540097,54245.59749475485,61417.163579384214,60170.312888552726,56888.119037492885,62558.61347082257,68091.58838864708,63212.2258468362,73853.24260845108,68028.99515066625,71196.54960855868,70224.65552902863,67895.80827598319,74240.09994039692,77472.94073951618,74508.090824716,75568.66009895859,76765.17333800928,78800.27241469195,78929.92914079274,76529.663062038,73735.2200731798,77833.26251926582,83627.69712253229,82969.80837969233,78043.65017090263,74502.70482181499,83669.95026283724,75588.57594035566,84503.22873277758,78418.62905944738,79230.27237416503
41679.97441841055,49583.8918738716,52033.44593679762,53113.31564864045,56534.85249235654,57688.6783016801,69259.50128637787,72377.06597728265,73728.99780895887,79870.19097318775,83500.42030869253,85211.1862318758,88511.50827007805,81547.20382385579,88962.00661002845,98494.09417799435,97618.05139643834,95567.56877928985,86295.87691468737,93240.7443091535,98477.50863745029,92882.02312032421,98560.58735695944,95545.98459413319,90581.8526104186,95900.98757576305,84521.50435103502,98764.76532065267,99669.95005227339,103450.60058831397,103013.35227947414,91448.40330980191,94846.51047162488,99373.00754593879,102227.13915912775,96584.79189064058
41892.007774352285,48938.632028082706,49899.28404163559,52287.05378072598,54545.935173354344,53645.74997095372,61170.87843197545,57116.477955584865,57200.45098031898,58254.24265472316,67897.33480961686,76856.90035032402,76141.72276299149,73079.53904288028,69707.68109367802,73319.00696757878,77414.07354607648,66814.98670782192,79924.73663443238,67989.68588424486,74536.95985228813,69877.91611946031,75939.13841451671,75760.74061123321,81288.25679271437,87777.0716854292,86928.86823546955,74091.51552430846,80272.26087361449,82077.07021563676,72479.84770927521,75866.15545030072,85912.08630145798,78619.45010428765,77556.20873324027,87565.38592162712
45118.03536606367,50141.284611076975,49689.45928681828,57953.61622599454,58145.65496024767,66172.39614885184,70699.67893030237,76363.26071505381,75765.7765302315,79245.45622829456,75044.87719775314,82047.86906502603,87310.05511355818,87210.98349099257,86004.62407837418,83317.92375697881,93077.07721270162,97356.95734541275,86052.42544267532,95038.33299456026,98446.59153867209,88738.09379305741,95410.32876071942,91205.44282977752,92687.38212099511,96707.40146028504,95471.75277335042,100065.14407344637,84978.54788035275,101518.60486028166,100052.44115301725,97638.53934370581,92401.00864097453,103086.84986101591,94081.52679540681,100765.11279218478
41459.3965016546,44726.74793268133,47736.23300166243,55275.95918945776,52212.89277723887,53610.79851654539,54066.47764299465,55845.04183249283,55982.71894493203,56147.69827019366,59029.171929440265,57131.81689233114,68251.75685955622,61583.29712834848,67111.33280993822,57429.14118193215,62910.38853465078,68903.82981874116,67471.78621394881,73299.91915048209,67967.88045991486,71294.69564335168,73100.33798493327,72410.25167283005,74455.07557591864,62353.93707323676,70513.82729614018,71973.48830034008,69813.05094816926,66601.50297425137,69973.94345035624,69630.52856549651,75079.77707404687,67753.26986799263,67365.57175168583,69107.796832561
41735.539314798225,43689.158835692586,45830.00305073841,48436.76268549815,44301.31773069464,44992.23361596369,48973.43687628107,52571.25792903984,51604.83355701306,53047.840096169035,53144.57068969279,50408.84751925161,47814.64773438849,52695.001990997574,52673.96879704765,50854.99924092725,51986.41577557693,56227.870609860955,59157.618499738724,51315.6158211673,51048.89185271761,56621.196372862105,58563.02123987736,53016.279201501864,57193.15999195567,55120.53449138165,55671.6330669075,52884.386109371255,53449.84185143844,56439.45770392753,55296.608911424286,56995.931032494984,57858.16971812301,57107.63257303058,52406.75861706262,51362.15703030805
41614.15859503744,46239.908728786104,53167.08990608329,53446.65452530084,59041.40421517921,61525.552511279864,63383.57823460918,65743.42315351505,75061.726704914,71696.95967741277,77468.8512020607,76915.574109754,83804.56317371606,86196.88113651308,82988.14531337724,85749.18881702267,84561.67157140884,80844.7256251403,90872.26783655709,90848.25245511503,83689.34559853433,84493.55774136481,94329.36140302857,90444.53501313199,88288.93981156281,81539.94648665313,85151.36158978187,93272.18100126291,99614.49548911577,97611.54738610284,96672.91405845075,91806.14468736495,96627.2394459552,85686.74197871746,94162.98126308405,95463.46290947369
44181.32133942561,48541.31248876647,50250.46717462718,55053.420008536195,56374.87672707152,61725.12238159944,70120.06099199402,70049.86689713126,77602.26155593371,76336.99003733223,77426.77198154484,80601.2922345855,78674.01523393841,86129.96188107974,83323.94308402872,81401.15768207739,90648.89538858725,82346.9150104267,92792.87283559045,91813.78273749433,90384.64433450688,85675.07700832615,97700.82663530365,98798.38580208523,88279.88957764235,99281.3660452323,108526.72455281463,100463.71844004729,104988.36856698953,99492.85624883622,94074.32706843257,93060.77993941103,102714.26756006657,94190.97445089507,99030.53118575049,93801.44416058369
43451.046743266255,48266.12764596779,52091.41650903641,57092.068261665554,61093.70680065676,60404.941745901684,65208.953133967596,71600.67549211683,73716.74121571334,74547.38483439648,73905.1762109208,75222.13214261105,78090.44922494517,86646.90097360793,89748.74726631104,89732.00089543778,94032.06531440737,81404.45796326293,90333.50803643014,91096.96964692503,90413.44544866364,95861.75558872556,97026.65975726098,90522.87709412083,89574.41352497078,88562.46478547501,94353.42458992571,93859.01018456218,100205.74879737447,92226.87197624423,85853.06870626163,97586.6586039564,93953.30348585529,86562.02333904135,104630.72045723494,101564.78373295101
43581.47338422449,44508.95724341943,52194.49689243472,53262.00819724337,54222.923072906095,55376.69230814297,61950.622404281705,65430.91779950791,66514.26403266512,75078.40479927947,72489.8708381851,79936.5356247306,83581.95708139853,84369.2950157117,78450.49533162871,77194.57194215151,82126.3556193749,85875.64244529407,86467.68472742748,83782.94132545871,91254.76451586839,89311.92426488551,89859.2807057656,98098.50039058992,99783.74633815861,92943.34911159532,94218.70396708035,91004.18724086558,87476.21649226153,88986.66728566476,90079.33525661666,95512.89058852944,84199.95208737219,85278.55573020494,94683.04315470214,87864.12677082937
43340.549376431,47794.38663657107,51249.86680925226,56883.01246833318,62774.95224067888,63987.91937857069,67687.06306566397,76480.99781814156,81085.22890666581,92613.11977879697,101571.42751859999,95722.1623314657,93546.41344988118,96257.67580496502,100285.34510097702,100714.06651643582,102815.09464652967,109714.21067944996,112888.31966847,122093.26536030072,118037.81780054448,124458.42671268471,112124.09862657887,111811.2385751266,118607.62316119175,113862.15346579984,110544.83708579447,126692.6889630371,123483.9533492684,113862.96460257172,124461.33222008735,129362.65298829044,121786.12450344952,116882.90806718744,115400.00369921132,124627.83284715247
43604.801773540574,46640.64598190969,51088.57133454012,53592.241932294026,62068.44202063193,62364.75287629721,55232.86725469915,57997.2959142989,66592.03148394969,65991.92525969159,73122.28528163378,64046.224241923,66411.15332068419,79092.70334609353,74578.9926601657,79556.50960323654,75208.21500403888,79613.74980205181,76140.80614652102,82080.90441928143,84202.94067182037,75394.93340367898,77754.46283188395,74367.13995913218,78241.91941634295,86419.7348512073,79769.88149327168,81698.46330145656,77700.32582396142,78054.44698080773,88515.71126794325,86302.65370172056,74688.0662423975,88968.6475917313,82018.07061856092,81651.24950629231
44706.00052875498,45978.183750858036,56952.476223983125,59388.34840533955,61792.19062237341,71639.75238122648,68539.57019175784,75171.34361479379,78480.69782214175,75499.20862390602,89450.90516533014,82301.68067592374,94001.95546787647,97571.43869234745,88983.13058821672,89604.12073937611,105887.63838474994,98005.83228428666,103800.5743137457,93911.28350733433,103199.63201902225,93373.47130241193,110514.94875901038,99597.08460204882,113888.63234246573,108864.05665805322,99334.88869528723,95237.52077674259,112731.74265541529,100580.05914565793,98202.03010234336,101294.0778308275,107365.00605853694,112824.11754903982,93474.00289279807,102166.7397038115
44592.7673337051,49316.7010162541,48804.908436168465,53357.2555076517,64398.51975472407,61277.45978942045,71282.06108584048,76455.65940171048,74930.83491137814,76136.91911712795,89938.29449815601,79147.68547822587,77190.3334115357,84426.40350849902,98454.80425321884,84243.22111866526,99230.94659629847,91308.08890597508,92000.41267975609,99811.11193997486,108898.44543040323,100250.59604983435,105432.67188116646,97994.5578393595,101013.44503145054,97427.00140982671,108928.6371054822,109892.51111103343,104564.32841444333,99750.84583332067,109204.4441812729,115166.76983231909,102466.56494325254,109210.34126925163,98980.65957670435,115401.1305747533
43174.760054792096,48409.595752957415,50281.66197107329,55148.76298744085,66605.35165404787,65514.83182422452,77419.41033106824,67296.58433208459,83207.41613457227,85252.84722931017,92768.38214840958,98288.22326095584,99763.53732865523,90141.42112628747,86749.34221132885,96146.67725544727,107336.75137976807,99521.5331140401,96145.36104865967,113906.81137943944,110224.55320637037,102812.03965687382,104003.7638125975,113072.22668694908,103946.76136689089,104214.28615632483,112508.53167622919,106813.46579880652,111976.59516622483,110551.72231596487,98887.02939836182,111081.53477562613,111028.00640159565,106595.28522720622,117324.23757574846,103948.94207514383
43474.56572989699,46655.61152594446,47181.92073816669,58418.73260353238,56128.59366099719,57137.73350375818,56106.931553784925,64632.859541576894,71649.0728839833,70462.05647261217,71895.37597105085,79760.34342403617,76170.55463763073,76552.01791127236,77406.77379470195,82152.4605188313,79120.97356416387,75615.8312608038,80691.91119685402,73017.72219979824,80595.43794931307,78059.47216581463,83854.19299017132,85350.54811086446,82798.24986357507,77692.40234782128,75306.24724333569,78042.24742332258,78215.20829691258,76561.00520656155,80970.4906061669,85059.39710516718,87054.60607918931,87202.1788119787,83030.56735820431,86774.93829569717
42461.25619780025,45867.48988464712,49388.199901762,55183.72238849597,58266.12485539163,57727.140998353745,57356.4683955443,65869.13928211684,74003.29435561936,69427.97303371318,72889.02244863634,69942.49639515916,76601.94321992109,77887.22864960424,69624.10273050662,69671.55098352942,75301.9814578346,88204.02543986186,74399.81512262221,87295.42108930995,81123.76870751675,78879.73475103857,84460.73519926172,78279.6373828788,79137.71377161445,77987.00446308186,87843.21229602573,86324.68837310109,87140.64571730577,80900.50384338634,85520.07112020411,78207.589834463,89084.68972890609,83389.23111138033,76485.87785901388,87044.37668362669
40837.194325490855,48310.17226079044,54579.68972713014,54474.31164490474,52305.625715547816,63628.001068830825,61403.7760676562,68828.11902993378,67664.06902320034,77041.44461011373,68202.33551001562,78926.10792768597,73015.1174265983,72709.67271844274,80102.15678264212,76558.71260625366,81236.23968701345,73930.55877307878,87178.01989223003,74605.07066812147,75745.05973125275,76499.3671049492,90923.05861166611,81810.25083347227,76023.12919767236,79892.72423614879,76539.03391027097,85475.90244318408,80031.49716607193,85858.59669380398,80501.09303558526,85685.07339269898,79860.38901754355,77697.53907756903,85301.56976756474,86419.27986279165
40944.03303432859,52379.28946825844,52570.45035942494,64231.29201843191,73404.19843110057,77098.43682413062,80498.4098416993,76408.52702158887,95144.6420727059,89101.74561106497,108440.12228415432,101706.51175554661,105417.28716336314,114772.81452757466,100450.02325167938,109102.9387171749,123182.43327309116,126067.27722171189,108525.97843846228,124998.65894245896,127973.78930961696,112022.92424425892,120176.42700869078,126404.92404458087,134975.17357390927,123050.33896566683,133571.61596212746,121950.06883754725,108956.0326850084,120269.30300255227,127468.13216817993,132038.40557252156,129266.92814011344,135499.30856179976,121796.22417311723,121223.42235305316
44690.14560884224,48964.69677767662,47434.665731679284,55087.09380541842,54223.13403573158,59639.42942224024,65089.751416431056,72847.30467314048,78594.52584524848,68796.50359065062,74443.47825537219,74954.03921832373,90524.93860073066,89437.47106353674,89443.29996322458,81360.4700204687,88639.70196113325,94827.85923792329,98534.06329275854,88765.86353364494,89341.38119523494,88395.16790428315,92095.94734683732,90237.21631642891,100251.10980034672,87574.0100923396,84557.25104928442,90615.81370540116,95200.64300520136,103754.95686822473,88117.0472057285,102267.32993974761,88222.15718351652,92648.41104368804,94689.13612497892,91758.4380558581
45229.265512215,50797.40416360226,49576.02041145692,51012.65977679295,61595.28707762353,61322.280685447564,63610.922987193495,69875.2795093221,65559.72683796132,74953.1077200101,71383.29088019361,75454.7315444762,73643.8512199389,76623.6062119157,75622.43113509403,75711.81620398095,76350.39630716288,85255.79707991502,77597.40781479451,82865.74126207398,86139.949012194,76460.20777722757,77844.8859843532,83770.3138757677,85914.28888618629,80932.55450482763,84926.74329751747,79084.90068176755,76594.26916446282,80339.83842766678,82076.20561370543,85898.01838606346,83673.06932355154,86684.49151888172,91184.06439012547,85013.92669320133
43085.111906348066,50261.518216620374,54198.177676318155,57245.5378770494,64576.60028673013,61207.74016016708,71220.7919452049,71145.61474824452,76325.0875314466,86885.51147042162,81896.22169071701,91805.55662330348,86930.58405883718,89125.69603981504,86748.43277523291,100181.46489673063,98529.01733732977,107043.63695178652,111112.9897896227,95485.4527585705,107959.75223819487,98046.79530729458,113579.1984548856,99041.25162412954,99423.01771078675,103138.88621963633,114058.18274079992,108603.89557409813,117182.7957789607,116989.87313443319,96461.28622077889,119137.85077928261,108312.3354146765,121363.65442777115,125133.42502719117,116445.22956542367
44563.73864505212,48866.37815131154,55204.63383160657,58310.91243568639,58222.676662928454,67459.1992792168,73054.16582240268,71263.04815256376,71062.73121166474,84220.51780787739,79733.61720147007,77476.90681689265,86911.14024832318,83560.19593720861,94211.27957504537,97033.06006076498,91915.07758331303,105497.93913960418,94295.48113578736,101379.5780354254,86850.20302898966,102529.454459265,100735.04301594084,103214.50537709799,92838.1959852349,104947.5994893669,95651.40622673961,96930.41242965171,102505.82224806663,101242.6279744461,106976.78243504767,99664.97314809512,100613.87555529393,99525.31159569585,104637.16396800085,109599.77651067048
42860.64881727718,46901.99815172961,53405.0979602927,55490.63284024245,59198.47399743613,71149.73433502634,80259.8806758645,82542.26034869338,81935.52501017178,94390.45410361883,91787.77153145851,91110.50137610674,87207.79433308964,91705.95116068234,98290.58841149695,103572.5568462409,95237.97699452491,100693.24793446955,103798.30973183535,100246.74108643868,101867.33651408518,102299.20605189032,116164.55722216074,105597.62868676896,118650.37464958269,115163.17040693903,117464.55204969479,119643.4045111577,107886.90815172976,109500.11347388077,109792.87915305706,114700.44268132102,119479.58009092233,105571.06009489359,106722.44783027736,110262.57858986862
44020.45405269268,47593.44606091129,54218.56402746569,55617.76527377081,54930.285237523276,57836.35372249762,62973.51256389978,69972.09885565503,72302.36578619713,72433.06358203987,81203.45749179606,73319.60202074419,80378.94710235695,82243.31021994278,82585.45549991206,85427.04954576705,83645.38758781862,87947.79474982528,99084.43503201238,102075.8111448128,95362.53079063407,89945.69997631162,105012.96180121497,99591.79782097612,89939.32620174251,94010.37961356672,90786.44034379872,94497.61764791742,98082.96780211365,92306.47614771062,96693.27981034332,92565.17245610831,91703.71620215353,96216.22950196754,88523.6008278237,90486.54193455615
45446.15812881722,48579.027341991445,50905.82235764482,52685.33481618132,59846.329299293415,55951.21531265021,59563.55768448769,67779.49466143793,68899.9731041053,67867.581451426,72792.81733225724,76919.3354732581,78688.20524616222,74565.89811939489,83482.4803468668,74921.04059110151,86638.92433859486,87723.95631497008,84789.79972886294,77350.32958739818,88246.96718155412,85989.90055175012,87696.69600819623,91719.94891662721,90482.44810765276,81889.78721133884,86873.49029571994,91673.43834583493,81374.34841414886,93595.33114881528,93531.3506029765,84530.85209713253,92446.74594914887,92856.68907211487,84331.34840933273,83181.41543876995
43637.53610639644,48264.010037838394,49808.49384744554,56215.74857767358,51651.7434789884,61485.68398870769,59062.312984619115,59297.925257102506,72380.94370730818,73610.85573724301,72517.29134222573,72002.64029933524,73148.42782848392,72119.7135854539,80309.08076185902,75918.8703406468,80082.8982132109,82335.66152596302,84461.92182868264,84683.00184551561,76420.45854031808,82298.15133391542,77866.50230086455,76307.27420971589,84226.55537767918,77880.65557693067,83407.91925590331,84328.06837108938,86915.45214244205,83277.2292429225,79633.85559997869,92694.63011337403,82755.8212854381,87245.67425354882,80432.26002227818,84378.35950085518
44109.73462898603,49547.392597106664,56963.50308790848,61852.56324164224,64416.00129849132,76364.90928879513,67655.97500358564,81792.07448378767,79073.88343866193,95179.69840379017,89994.90611553319,97691.57006192821,85733.11901042335,102708.44602311596,102126.52735894223,97884.7435729739,100026.51617468805,120555.9992938077,110192.12980652957,95814.97394018271,104397.37212180218,108352.85700392682,114278.08500959347,113214.25528329157,114628.0993416854,117461.06871872934,120891.9891754973,115019.53735893284,107080.3922718185,123399.52966844238,116319.77139711929,110626.74936472047,123052.82066112562,107225.97947283142,125902.15405750976,121827.21635864495
42761.800535386756,44570.974628745884,45427.16050254577,47365.226588270176,49890.22196787896,55538.29298837245,55794.0292396074,50575.47071797722,50052.551187865996,55344.24926804929,59646.00471500824,54388.46263631774,60530.753118463996,57236.003190640906,61080.83678332127,61448.45580526865,57967.0472940278,56433.7939401153,60364.24988016475,60442.47235123127,59112.50539514172,61179.90820981479,60280.61801968061,61744.87530750068,61452.756651125994,63750.193992771136,62965.55393117529,63963.2505423155,63445.71901327193,62289.540619379455,63653.298744517844,58793.07894617935,62025.80111650343,64410.28755771791,58095.91168952616,62533.119947115745
41690.23235795883,48469.584225077226,51049.0541028867,55465.40772964287,60431.85930649395,62274.80178904898,64598.755127468066,73088.27447111762,73013.37400347383,67204.60854845287,76834.39770595994,78855.75734516265,76493.0053242456,78124.96030793601,81666.68310792751,88814.79110051048,83384.04620099027,80110.96499828275,79276.80717896478,83649.2092425469,88309.6870844466,92742.99395765056,92851.85429010402,87928.62478198652,91504.20052180837,100773.33977519578,96246.19217310916,86516.6419962588,85112.56899461482,87659.15709321522,90026.4166504926,85018.13468766908,86836.19575196397,84970.28854728883,90904.87492838784,95431.43173187728
43013.212510297904,50430.20972341391,53242.96972904155,59562.5220559475,56127.12390997629,66396.15894810951,69504.8956832008,70037.20279326443,72693.36785072774,81987.18941192472,85086.27577794963,79167.27511068131,79265.06213266752,83650.42070450634,82168.02373090533,90601.25552177141,83417.81712557738,93326.18311033564,86289.99378640817,95006.55612376744,93632.99697977725,98330.68436149409,84745.25252190664,92753.56925121456,93013.40273586559,94831.36624589656,95847.41415759876,87341.50580814717,89291.2506891867,85978.34630874125,103911.57808829144,87740.63180567053,90287.4622726544,103645.13035464985,101757.34523557498,103840.72884148521
45594.84560816506,48858.71779420499,49140.37421343024,50072.3001367565,54230.01866221607,55552.424692903885,58235.67464250486,57962.17944113495,58970.505299772136,69662.4209204003,73759.53123806654,71355.57637803227,77887.28267585726,73287.60289598664,70904.22603476232,74868.26760497557,75193.87688066732,72101.12189771226,74910.0338275985,72409.90374642838,70192.00921295286,71940.45348879631,81439.71114473023,82388.1575027987,74141.40330339955,73869.18928537899,75546.30854503592,72653.3394680263,79516.59771532411,81325.90561731625,72968.38335742363,77541.4225355203,75029.60932215817,76495.19056726858,75359.10821793994,83179.02095097904
43447.76025066658,48724.69371675499,48728.47403661031,51594.55688422648,56349.83344529277,56309.21031920078,63371.93893481746,61229.09184040317,63745.27722872791,64356.597819149654,71488.7084648713,70475.33854573531,76630.11130277772,67506.96730728965,71374.64639458132,70498.64783965424,73761.39573096154,76281.65484124723,73194.04477690974,75377.84996968624,68995.45422742858,75253.1119421806,77154.62310303272,81448.53254431816,85480.66874324273,88941.74893531293,75670.75724432296,81671.17631377341,71613.73529517741,72956.46584990808,76689.83213495152,76932.41017960204,78335.90717938998,77748.37966291647,75860.47793504165,81281.03264688633
41596.3737428675,47147.00008144022,48175.0794349461,56202.774227084636,59631.266569384476,65949.39015102439,63903.7115650366,70688.47425205684,76897.70826356948,83503.95537448835,90162.9140407918,80718.33417076794,86045.50395203699,93721.0270997474,87678.01990195453,95301.12210111454,88619.77973005644,89530.04870810095,103903.12227836353,100625.86851941558,106387.56146643488,96847.44815462272,112826.42747097347,98829.839300542,113171.14515448979,113038.628025085,110750.77510447902,106721.91928639027,107843.76836166784,103196.09522389849,107470.4479960921,100970.32869374577,115343.64960311566,94525.33533181128,111176.6297500249,104608.14801253694
42560.53830599106,45924.645474174664,51348.926035304874,60934.57018803026,61359.713630070626,63096.51457116537,64928.84035557625,67505.30703240658,72065.1867757001,81542.32279599339,78025.55500197865,86232.04328455117,90920.25086347113,86151.20841660004,87589.18054578229,88840.01258342741,99118.4552537138,87073.59511157392,91720.6685661438,95616.6271590115,103960.17692145129,92813.40229179568,94636.13054792829,104049.93013323327,104181.64809596508,89619.07927820669,95341.46094673786,103299.72236201685,106853.12152651242,96346.13789103512,95739.25619137086,104269.89210223769,99696.92433041627,106451.9045374488,95786.08009145866,108554.96507715242
42123.6722572188,48312.92387907178,48836.207554335546,50716.39391082611,56675.19703098875,53798.97180832459,63964.4027313916,57918.73227184564,64468.95342654967,60961.2622065664,71681.8028227948,66627.53642577855,69400.76448772138,76776.51535826933,66296.5886036522,69828.41324188036,71283.48309293936,70560.41394537021,82843.62094451585,83544.71168681954,83367.92562617466,80919.17149614506,87146.72287926782,82443.5587709882,87129.53218992805,90615.47289905752,76502.50530886176,76384.64663139057,82152.68242684768,85738.27193924252,81194.16930752968,78156.44619275621,81174.28982345153,78364.52447585185,88305.9119083565,88346.43533021185
43033.931044517,48151.507130868435,50051.155140509574,53322.354653068716,57727.937947013605,57544.18523505736,72289.20849822323,79488.50358049621,80648.61631095089,78033.56498970868,86758.98974164674,79578.12387654503,91032.42246928069,79712.70366081383,91202.59292187724,93002.21218556014,82686.44635093707,85409.3593304194,85784.71434633953,101327.20145174637,93668.498422311,96281.10220198172,85956.53292051081,91618.44600400075,94267.8248521381,88691.97539544397,107426.97187391222,93245.21339017019,104773.62064615668,106818.40317308537,97649.05896918869,92012.02303099845,94282.04368566841,96321.45109935415,111070.21310460348,95942.4850029269
43803.489171770576,48558.26667455297,56015.347203822574,56337.09668481278,62814.522052441316,64914.61162880869,68067.35645867803,74920.43479301184,81736.92058221932,84904.70665512825,75418.75187335108,81428.90572887941,87164.38921663132,85262.99039014161,90638.479648204,97588.70279810108,93274.63044559909,92363.30683330665,100251.68148951391,87627.292624728,91244.59828461388,99658.18760758586,90845.72569772179,102587.9852674495,106133.19301851098,98477.66104491185,101872.62601997405,95664.70174418433,105564.7743362086,97887.90897992044,96206.27134736677,111671.98178815616,108332.75679982796,95974.45900662632,102372.51710836584,101736.03866097244
43342.36060181874,51407.61566943696,52226.908763284984,51892.47907719481,61024.38854039026,63294.26403356347,66138.31796899857,66309.77495161246,70663.26666191898,72406.46519427805,76603.33001386511,74245.21112009519,83524.85468482468,83857.46671268805,88135.2374603515,76689.94968549072,83338.89766873124,82075.59940213237,93972.37370534612,83477.26285475766,87690.35110430527,86351.77797510028,91532.01071195486,78667.87308737056,82961.66371759618,76944.58667246076,84421.6390210477,79058.01176952111,82542.34251029899,85446.59229172225,89273.25159456544,86574.12305189743,78238.37284353169,94071.45680353454,88296.44983538204,91444.23730846026
44034.73322234001,46193.99057877893,52991.22210056997,50157.23895032801,60202.22938766233,63517.84548762879,57282.051863083034,62437.64580170473,68762.8410529911,64243.20902942639,71427.29381879697,75724.16818393281,73158.20419857866,70864.79489635088,76561.21073570373,79592.18598660387,78970.9290193083,79828.75395597047,83482.54263611427,86554.5304499387,79730.20029167444,85001.8225676379,88050.76144187394,85793.32405735599,86038.20049103751,86944.83629633652,77628.95189968539,81823.29586255009,83484.50634529241,93239.12147726477,84054.25685863633,77023.43866402641,81579.84532154951,86191.1975293475,74680.37587762321,85774.22889208526
43622.43362152771,47316.311484619146,50333.33407325375,46220.782102248704,53797.797169114885,56300.60866512143,58510.195378508855,51328.646259349305,61963.06044118799,60042.40933058743,59629.356326844485,60864.4770055039,57972.53314887371,66326.74437991627,62040.02664948313,62631.88253907823,59679.767323603905,67556.46141041772,65424.415840556285,66953.52689811095,76953.33870515275,74510.46479467212,71641.8175499574,72082.0283033071,64207.736684903495,70906.48650860882,69077.24900255338,76439.05704249322,62311.992580718535,68111.0931871772,65085.70435784617,70743.42733245014,65682.0221175951,71528.01825891134,66915.38349722113,66152.0509493377
40564.39617878274,44495.61636591195,51654.704406592406,53826.669180085104,58812.160258304655,62014.36787455616,60604.888223272836,58269.958020097874,68211.52675367455,61137.58774589359,67609.32559857199,64106.574963923376,70729.90017094504,76147.37394893816,74415.8462261569,73007.56872527362,67570.15540027956,77765.15585455386,74442.11586158894,80918.45687518702,78877.24238202177,74513.14637657575,73555.91541919613,83417.09492881564,80747.37090066925,77375.53839130582,75655.51095931095,67745.15978959049,72224.11812677012,85122.74000300135,83826.15359596985,82268.59082759131,79660.89264012575,81438.68723227514,75898.11954522892,71325.56438146281
42388.424313142365,49004.24034896807,52317.364487423256,53358.10700610543,62855.00937791714,57694.28060911658,68224.06711075074,67107.6646128264,67662.33234110853,71755.24638403859,83328.0741889346,79423.00233945853,87921.74703897368,80671.6577353476,89917.42489906037,80912.85693794969,83634.37037944279,91457.85262685487,98411.64651201863,92811.95287475805,98336.09751559267,101589.27743395898,101731.59266853562,89850.77555226583,91012.24348771371,91656.4137976377,104797.5424302107,88200.26646683952,93111.19861024234,89216.77408948178,94789.89839480713,97176.20840349648,89639.33102850796,94035.09473283595,100910.86975278452,91973.77260474961
40283.47470936077,46895.47023383431,49179.80773174223,54837.94683785652,64538.2223099984,63780.48089001117,59754.96859708727,74396.8104473,73034.49609885551,70222.31019868629,72063.78913942343,76148.96982929399,80517.92846684408,74245.72955101688,86506.07116585359,74811.76847505909,73324.6702205461,79811.146935902,86495.9065033462,83858.75239030502,87186.06680161913,88344.18806306773,78224.1636183832,76066.60917772747,86526.47852369279,79165.4496396615,91234.91554880189,89817.73467229411,79171.64876405276,79702.15080197316,89958.04226847435,83881.36993279452,88960.8626449132,88263.8941945929,90305.25671294122,89880.37075895711
45580.026656592614,49837.06279405026,53689.46505796127,56929.85708147743,57721.25016052644,60914.830574442036,72371.4309529775,68367.21378894153,76602.81362458205,83135.35976070132,85332.21620079901,83959.90313948583,77013.45028100534,93039.98024235145,84225.69554160241,85849.29528003326,92362.58431363439,98302.5233196188,87151.1293245418,97804.9421665068,92462.57613429514,91923.68504314084,91864.77521498862,92630.96369599758,82470.1151527077,101678.05354294604,89811.69334161343,93589.53326754077,93028.17421752465,90559.1083034358,98187.98729921035,98420.32010444047,100658.49260240684,98111.32766595413,87271.02922474133,100880.78709171359
44016.73937876291,50874.29211006475,52772.144389077,49102.0847935691,56660.63663864612,58778.079168585595,61803.681920059986,69669.84765264894,70721.50438638582,72911.6147166506,73843.72903008026,75685.36351191619,75947.10048554435,81899.79964144397,76754.73064131683,82413.33094647262,81575.43468101718,83093.08153751101,84318.6679870675,80648.7369652728,79033.50659545136,75591.21972221078,82553.12228358956,80254.13827702859,85386.81502693557,86223.53163797173,88507.34585414613,93491.23643388262,91894.41968351984,99354.71528481739,84892.87351095726,88592.40094313715,93264.76841304217,83805.15384993682,91417.69200546938,88382.29643634737
43764.25963695695,44163.432960687205,48229.06098532393,51169.40414251505,57830.2809510322,63747.65050481524,64773.34767648388,66200.01280771155,75827.14956210379,71647.34787456162,77339.85825996436,68108.64942739165,71661.24347724848,71705.16802716616,80267.95735294968,84612.19801996507,82230.43932071449,78692.502045203,80521.03785758532,88634.31886189383,90025.71496732283,81131.23246322013,90690.53763269541,87422.02951071679,79611.17019126733,74956.07181636701,79187.39540928027,83918.64942751484,75562.5794795412,80086.7015921725,76102.39781276212,86007.80430333703,78922.85868680244,87337.1983271232,77397.36217059207,78418.31839617487
42907.07151385387,47609.96037257103,52768.22328138193,57584.091094552234,58935.05703557593,63680.9891488352,68195.58834654128,78759.69397952386,86240.21007094173,91102.245293123,73352.15151467071,80658.68517435828,85456.1286283554,92011.25649159303,92521.87240870157,100895.16196713687,90881.91596978516,105676.66065128733,103467.7584880965,100285.0751905189,98669.36741807126,104605.29195393925,98149.22462658389,93165.2103827818,99726.80818795561,96341.61533646035,99986.64957733854,97373.35635321564,103119.71257556473,95560.92511684602,102148.46615691556,98191.72804718273,104123.79402534096,108333.1921651023,106073.36405890598,109716.40511752458
41664.37981329771,44327.28460046595,51652.36717766313,57289.564755065134,54092.64570473984,61041.6685475574,64022.7277180209,63740.04537859006,69081.95407797825,71217.0582305849,65260.78300043107,70971.8150724794,74601.87757433264,71274.09129431081,73306.1742738018,85549.30472048261,74365.02318902942,77150.55404713003,78197.58418977965,82441.3517088089,88506.39347697722,76084.8130202503,83151.02670496074,83790.3551751689,85832.11531488797,87700.98402731537,80916.32809910411,89360.09738171549,74578.14092685588,77129.39261567534,85276.34449428951,88315.51580159937,74757.69568291123,86177.53133650616,86170.66618869978,86350.80094055527
44424.41766379838,46078.68277932186,48908.540911480246,51648.97627086904,61912.91373872158,60054.45643872871,65566.57026440234,66841.6657964367,63200.29021525904,66138.48613857786,75513.61790329429,70518.02571722274,77702.1489352744,84841.393922763,84126.56023453578,83906.30051549319,87069.76050599688,79995.9700453019,78298.51136679639,90942.5964480153,81397.16680652609,90404.23901750486,81305.06081965627,78309.92613407367,82193.89742318046,94696.35003073685,86895.26262484858,84799.50681503203,90959.18732644079,80585.17038614665,90138.58541046549,83560.30146696497,90675.28105090866,90560.54227587793,79823.81577528149,79159.90542996046
44758.328382921114,44403.37006211147,47444.792456248986,52460.665114004325,57951.56549127671,59737.237608087424,57606.39089996963,60329.8579889346,58138.052061410664,70973.04191772972,65967.53285041243,71755.03927525552,75206.0924186926,68315.19361618723,76355.69863953836,69246.720317506,79411.10570847566,78211.7635351161,68642.57064904572,76705.644441026,79425.2243925796,75113.08175013741,80756.09677616807,75688.70733927295,78444.14483810702,82607.14436192176,79128.4419223524,77627.10106864835,72258.13095501687,77399.08008792963,75200.0556923274,75321.58689135869,75917.47201669558,80372.48415081113,73767.73779619043,76613.48933983296
45855.08428342281,44828.95168836444,46761.864071960474,53958.74568684573,54279.611751799246,57118.78242116037,66433.69658080235,65774.57451656098,72091.36936930828,74597.24349989604,70734.07496475484,68949.81408218291,81939.29077004145,79273.95379337801,79784.01599021634,86105.6667408917,87369.41589405017,80171.60965848679,89696.29910761259,78346.99698483403,75807.58199521498,84318.5246570374,79429.8867168648,76539.52933983001,85553.23850322004,89837.49027414875,80400.72335222748,82913.12299556057,83943.34212831053,76525.49804202087,89701.96726390108,83112.64026665267,97987.19745228511,93212.4748594877,90511.46341729595,96474.54577181542
42026.96986836137,45283.27725875893,55252.24563419855,55646.61404538183,57458.75612192362,58890.06069697305,67746.14346467674,75241.3464804993,76645.65527363677,75328.67889922712,80603.09725190746,78976.62050473614,81060.77758921891,85119.38466346535,85414.78765216286,94235.98196385053,100367.66995994399,90763.53672909664,95262.42375886516,94946.6485877464,98841.09546548942,85955.367996454,101020.2662391999,104425.57646538105,105157.21089359658,104103.53735380346,103003.30139431186,102269.80051041934,101491.98590198744,96580.54104470582,109238.20263327511,102750.88021089006,104477.59661664217,99980.47557151933,106144.75842964566,103055.67313130079
44399.803131206834,46686.69516432382,53370.960931163754,54769.45803698076,56254.93190843082,60044.446792543706,66632.0846084069,59894.061623195725,70357.6825965782,63993.11283569987,64309.83823731924,66593.60960496482,73483.46631423781,84077.81665023278,86161.5940940834,85135.03750168666,84467.0696428423,78527.35067144394,83058.79271024356,79862.3882669908,74308.29820894114,86571.95803627853,80494.18772132706,85499.26288807363,95840.35444776446,90633.74056500665,92261.32404299159,99909.45776468076,96354.86893026279,94723.4173597656,96564.15258701201,94587.03028859042,89822.62921191788,88244.66750008507,88128.00766063771,96884.79042402364
41781.45180673654,50390.234322576485,53817.36171358073,52006.43256139396,54884.40141256772,64147.28995555306,72360.82628062516,72977.95800231419,75562.75202772988,79309.24145481305,75516.45237112977,88790.35223987192,81092.05189521617,90213.12001811227,76604.07039137486,92498.24361631469,87497.10171091749,87190.52820423961,86753.18143764172,93228.25907582405,92333.17391710434,100278.39952982782,92420.06401037864,104654.81657030847,89402.94081483167,92545.73870643473,100438.84859101733,90473.77690741263,94117.32013156738,93917.40893363657,102045.04941038034,86377.73393755226,99918.18251909378,101092.65077944848,98865.20716301946,92940.9962204658
45173.088759584316,45276.92833839715,46333.17251306867,56198.85177888435,61040.813696217236,56596.2059798119,68197.38186343311,76248.08787439726,72297.92324699854,72488.77696865081,82122.4460312282,75263.41005974892,85624.75482777954,85466.49550746063,83310.48219901524,89383.08866911009,90802.15285662627,82356.42044734074,87040.4777945094,90929.90183119936,87964.71492270177,92997.45450795074,104547.49514620355,92771.59975163349,96486.02018205063,92707.02389787658,97560.03615699231,97396.0851934104,97766.27664784447,87647.44339246242,100950.7289080001,94220.88267951217,99648.04805308176,102342.28298220458,105425.98993070913,105033.55447396968
41217.35997787638,47018.44121373531,49972.976053200575,55302.80619105818,57382.695398953576,61815.69361810993,73507.49467664288,66383.4352323795,72223.74327415551,74373.74356997045,75234.99269517706,80935.20546031318,84225.16402749793,87713.82540210124,91173.57262947052,99168.11745044982,92997.0609088151,92476.07954017588,88003.89395405579,88996.20768349932,99482.57703505352,96073.75318957446,96380.96591083004,87325.09496354242,100653.93148937736,100315.94209714283,99882.14972566009,111784.21856080956,105642.15451957397,106268.8495131148,91211.43202381946,91152.89334441343,101026.14913868568,91078.02293974691,106750.00020698924,111406.26985139794
44171.74803806664,50866.369642501915,47258.31367837358,57814.69216297129,58086.610223170035,59101.801068441244,67847.62253889791,68531.9853988229,70227.83093251238,68805.97617667943,76824.51589952456,70402.33293006686,78011.91148514423,77501.3721986007,84003.15554311045,89414.77912224384,77380.0731388833,79411.84256786658,84962.19759788706,76747.46156145145,76933.69822934188,88717.43942094811,79015.68366032232,87726.2011472163,86910.58250458527,85297.58264049067,81697.2341979422,80227.48400161976,77566.15333265951,78753.36136171821,83274.25745681442,81647.22270875618,76675.61493341642,76137.6447168139,85638.64604354133,77782.94214305663
42004.74049241348,48040.96613143904,51326.20958707401,59754.28996230339,57282.164518631136,58780.568999754745,69496.75064795265,73415.65373505012,76383.09641667415,78652.24641066272,82767.29468873472,78090.42021613085,81322.60557750463,78878.01070178246,93139.48065961816,95180.66360253042,83923.20810095186,91636.4763103241,94694.2759872753,91686.98647901959,93654.69771809102,89238.09339237088,96140.44270320708,86256.7839872246,91480.97653584415,93456.05203111857,101058.36541842444,101169.57244104064,95586.9106033849,103524.62726334405,93085.82528787458,104061.16794555033,87805.04492312003,92746.51732404613,90304.12795415097,92700.94261011637
41908.04537657152,48140.624162017666,48211.48889421434,56334.145181745815,57739.72793699954,63949.51269739705,64939.368984772955,74188.12789825979,84868.52187119579,79844.77131799223,91806.82367120705,87548.69746116089,87613.12190599903,100038.70740966883,88147.49078566395,101311.56773661565,97932.45916029759,93577.4054212734,96697.28651176656,104442.61982956764,103630.27976955411,109421.04866596934,115746.05024575864,108481.01176278647,102220.48154670859,99589.78253148892,102580.4670567488,109778.38654666013,110670.24433147257,106837.48131672904,101750.72647840314,93681.29716991159,95846.93426844719,97647.7676057337,113130.87179780469,100461.23788945144
41700.077878021635,49230.04396485324,48463.97806239295,62164.649272309834,59927.267061940525,63304.91418129912,65744.69322719297,71405.43260366816,75480.7838851001,74724.94296570006,90277.06536826707,90113.71591706447,95464.46562461703,95975.72819127183,91279.72599740115,97519.5183276337,96007.00400979529,96645.46506724218,103237.2560165828,91903.48303276562,95167.7436784873,95865.40691028755,96165.50261256496,100658.25396308495,96179.71338003431,100822.76781651918,110758.48818221688,103427.32222096235,97734.18766739924,98935.99039092379,108929.19654687433,96365.15958187051,111720.45373614463,103161.52779577786,110325.66698445959,107129.46443580407
