30360.0,40478.183222745196,49379.36582625103,57782.445998972675,65455.23151478539,71688.5741552417,77413.82081750775,83117.55620366099,88109.28009988411,92467.51231056204,96723.1422174931,100613.26874870577,104362.32487090032,106846.90185851064,109199.85787273334,111172.28208468886,113673.81721526028,115725.47039880193,117733.09245536149,119365.70451203833,120680.2336152395,121480.05703976456,122042.52090529137,123055.77528270263,124113.9110231794,124329.93770996916,125119.14068387709,126271.40891572137,127045.76029899767,127997.27183929808,128338.99710670944,128898.41612395555,128596.70883612944,128867.62766659996,129352.94165012677,129584.63810260037
30360.0,38317.94464320919,45016.24200004666,51159.22663157908,56662.22292034669,61865.35799086322,66251.486121106,70134.67004930477,73981.46140824584,76679.85187937824,79835.73702886104,82550.92065355885,84414.45702594504,86155.50760596673,87633.74268883871,89036.58037500226,90961.93177687243,92268.10386149105,93366.98552679419,94655.31227221362,95405.95341810894,95680.42337502349,96475.34096978667,97452.8169675256,98311.55425262997,99647.86894394497,99821.77216224409,100575.06808834893,100851.67728080317,100761.35943521402,100969.76017591749,100748.9979954121,100618.05528879547,101140.1560943674,101595.48393996783,101604.16935392124
30360.0,41256.849126910754,50918.67489413371,58709.019526694654,66233.37575679742,72865.78463359326,78549.66918024373,83628.65353202024,87951.41921199248,91303.82337721523,93987.41388628737,96709.54372789206,99243.56995054318,101257.5782651144,103315.75052548118,104356.00152185571,106319.64175471841,107526.75665002153,109232.63782731177,109549.12825144225,110433.93007047575,110674.63106542503,111497.95128670882,112326.07397266067,112464.08620164753,113203.96581466841,113981.8090737166,113948.80804711801,113655.8524600413,114056.20760661073,114195.27240945175,113991.54098911434,114661.47022358877,114866.84347156768,115299.07072152081,115514.36647853097
30360.0,40167.83131751071,48781.036661607446,56177.70501087114,62186.77499845686,68168.85910801901,72925.77867080421,77634.46094707176,81291.6449280278,85112.27495305036,87423.70630556582,90497.18588595506,93039.43686317759,95701.47814502307,97594.8274647274,98983.92652736735,99864.92770283011,101687.20499361408,103312.52271379836,104288.47661182292,104370.18262981888,105703.08948405957,106255.7264221798,107167.85272889271,108205.73290387286,108803.3232774304,109143.02885831709,109387.9695529853,109577.12751504383,109681.40306535743,109877.52686539611,110520.29991380448,110467.3946681457,110192.63848534503,110799.0322775318,111249.23228836979
30360.0,40352.853994984805,48569.01823468924,55716.53841583638,61744.682055798425,66937.95943052649,71428.84836409373,75143.11529017522,78332.20574392044,81337.79281562722,84527.33857177131,86111.16184631317,87885.50644539151,89103.84078576323,89857.44181648626,91567.37059087303,92702.15399917033,93370.52672817011,94747.763799625,95179.90965295523,95552.90621250542,95595.46129303132,96421.29697619725,96635.25503350163,97454.90460775522,98003.88873484313,97582.99679264694,97773.0104846165,97928.85883433875,98292.6933266327,99097.27267051153,99503.8213407973,99613.86277817597,99276.09036160623,98910.80336488018,98512.00425693628
30360.0,42956.056888976564,54251.4534978852,64166.280623668004,73145.6274447273,81040.76713969762,87630.88302440982,94102.18628881127,99335.81566749643,104762.37169542411,109403.19844571615,113678.27631505893,117295.20841780184,120271.16565837,122588.1331048017,124631.12725713875,126488.410899772,128449.57433133978,129989.1105588401,131666.3156272913,132527.06109221687,133857.17000279893,135121.59528617442,136196.7952102523,137592.1139368777,137456.56597515152,138360.27182564602,138552.9215944661,139762.07771457397,139860.13516489445,140016.54677531053,140321.61251273457,141127.30479882244,141060.27081279215,141197.2661029347,141333.9964132041
30360.0,40572.429319371324,49551.16783933632,57659.45086874785,64469.31208978419,70975.37890870629,76273.35431083673,81002.6639819382,84763.29612675364,88006.51308275863,91275.57902871082,93996.48282022505,96434.13574085511,98894.72160357637,100764.89098493406,102274.19023547319,102993.34649921543,104394.66264253801,105494.57794050561,106179.6502351537,106980.91096620767,107794.38984069676,108983.65915758697,108910.92468053705,109424.40350932775,110207.37879337884,111636.52444544133,112435.70272062506,112804.23398968426,112818.48198901144,113452.50529357059,114052.68712200962,114330.55713020999,114545.68048407123,115675.89816231017,115774.33014123648
30360.0,38498.9631033057,45820.90031881675,52780.536496358,58924.65395161213,64402.2372513128,68691.48268561515,72649.49540964677,76333.92765783945,80050.9611988511,83241.30983554461,86078.94188548997,88729.22810355733,90508.04981597724,92288.99639475328,93369.87499268737,95354.87468379577,96995.06740930484,98383.31462175616,99856.79127227457,100594.03703317227,100821.97005134665,101816.6411290936,101995.88038046534,102469.71732927041,103798.35218828931,104653.36627752743,104707.4896461485,105122.54687686337,105508.34160739122,106042.26481081922,106239.74334154378,107012.4271409048,106880.15530517102,107486.51147312247,107609.55271527311
30360.0,36710.96791916499,42614.102353728056,47997.934540450544,52081.26704100474,55780.68757317318,58958.32175716905,61042.42554831904,63178.360232516745,65099.040887786745,67067.05599785941,68178.34162725278,69759.32069740832,70679.50268489103,71349.38390886893,72743.5961409854,73802.23138429767,74312.7825611533,74991.76265782685,75289.49972670554,75802.04159108213,75825.13291905035,76383.2695029388,76340.8016599596,77517.16082171164,77604.53750711943,77844.43261558321,76980.22258625469,76161.22701885672,76684.2025916985,76752.48164034274,76271.51376002964,76463.30478351806,76631.87120105854,77162.82884767366,77526.38298617276
30360.0,43446.524933259185,55016.98663660019,65721.99646579663,74978.21325969181,83243.92519977115,90548.95583209548,97430.9042147056,103148.9099137093,108635.69472926005,113416.29355483007,117113.70229850004,120800.63805529947,123724.23432324924,126985.01639276114,130170.97624544452,132987.75377830648,134966.89310888038,137654.9538553589,139832.71555138793,140791.74203021298,142446.34893876655,143397.99026310162,144608.7221019642,146266.860524744,147761.75821802733,149226.29435316147,150103.98003867042,150155.84203113397,150671.76261497222,151949.645744925,152179.6943673456,151134.5004319438,151719.4402788714,152319.2107495222,153867.25600755666
30360.0,43731.44725787137,55355.01340211057,66040.72465789714,75507.33786787263,83478.6885760332,91263.9741753901,98344.29016132043,104640.79736751506,109491.33448034931,113600.53671938833,117812.99041183492,120670.53738807821,123839.70813693243,126934.14533250712,128987.54201888184,130901.51986126137,132538.50443051805,134559.13830350983,136273.81050459732,138104.73142383818,139616.0391922858,140262.54082725823,141982.57507697112,143658.789244614,144390.90176576976,145938.76176403605,146260.54220490874,146201.04513431445,146793.29125567112,148161.4066550404,148220.96598610995,148158.76520278948,148700.91877271878,148780.0641155367,148912.66260647983
30360.0,37967.3568991008,44816.263639456636,50812.3826999605,55946.23254787103,60690.23195470351,64352.00362876178,67839.65134541076,71238.00132076284,73798.01438862059,76012.79860877617,77916.9213033488,80380.3664707824,81890.06599009786,84376.16262407761,85764.79337164588,86436.13112533427,87565.41065891003,88528.03243558444,89612.79901010581,89661.16191757367,90041.06715686002,90602.65217310115,90643.7903192545,91445.94542123385,91789.84607754307,91600.79274145655,92109.1905531232,92880.09588323654,93328.68780534109,94102.58493976024,94187.9582589211,94166.99052467849,94263.48336398696,94079.8397040217,93916.27006612641
30360.0,40929.279925998235,50004.3441398601,58549.154426335685,65908.2899602676,73144.04866267431,78874.31905826302,84358.08096860156,88905.6421516932,92804.75047414891,96561.78624895115,99897.47941732217,101824.97100510758,104843.51225641937,106358.86779411652,108683.68339137684,110523.05639563325,112643.712282953,114040.3733010349,114991.39556303191,116290.1789339535,117301.27940394361,118291.74788156361,119933.80885615127,119721.54235432816,120233.88196121463,121507.53121102024,122392.96315030093,123324.99842420702,123626.54790904738,123363.4235355724,123449.88589345104,123990.17444782349,124293.44903281707,124861.62271754973,124812.98741924619
30360.0,39945.02953534393,48848.9703292899,56208.163767865975,62530.31435969681,68471.1922719587,73693.1162189721,78363.53888947416,82470.90924254342,86077.72997340621,89034.7135901254,92104.7680720648,94523.68731765637,96766.57158868187,98932.85511306109,100780.846675835,102841.14240724774,104131.8892153775,105089.97963267117,105929.55170508669,106567.81662980454,107209.41887857915,107479.9577251234,108287.60847616433,108190.12895111155,108860.62931197169,109502.71577311415,110442.87531977196,111152.33290108822,111511.55425818566,112292.59062429708,112968.31828798872,112770.60899692935,112744.61068802235,112606.19937403538,112592.01562302088
30360.0,40511.51334666352,49509.465515678574,57465.76734368135,64040.114158635115,70195.66767211384,75841.94849682703,80563.07863553986,85140.23998999245,88726.00806988486,91587.79734838198,94954.57206047329,97173.00563022259,98983.78019909536,100232.09887370552,101699.58278682009,102337.71196228362,103622.19175435568,104229.46889652232,105008.06563201541,105786.48905619208,106556.18521937207,107724.16195381757,107176.6309533098,107838.24577092033,108092.64470371876,109031.37318050738,109270.3444214821,109622.94658442614,109565.71668131465,109873.45115060118,109866.09027413098,110431.3832780746,110314.3922295681,110585.77718164104,110601.27202048434
30360.0,40793.60252958802,49443.7829097453,57314.591112033944,63805.38259186358,69388.29619489654,74239.27482436299,78460.43882025263,82368.51663485024,84963.95903855188,87458.15814914221,89851.28924933274,91553.77369127526,93512.82819376525,94441.08126550264,96063.48757484501,96782.38392194119,97284.09859733736,98264.7463755959,99045.72379748909,100168.05667535259,100983.9066486217,101875.3646606798,102388.69086681587,102661.76105403068,102868.42510121832,102800.69999513075,102872.78432983368,103426.3960125824,103874.81369707317,104413.44646981005,104332.15293097154,104761.25482603059,105316.81443061256,105470.30044021404,105539.15428984407
30360.0,39751.9397238861,47879.15778017206,55285.23612246681,61662.240427035416,66543.81690832446,71119.81456665974,75850.27960360447,79604.6736535463,83146.81997240527,85796.64584176138,88983.66637949337,91268.54612254797,93451.39993558542,95705.06017382474,97928.75162686523,99567.43129311735,100925.64255580977,102301.15485473492,103866.58254378846,104875.79672830696,104984.79188091766,105667.49775146226,106760.3877261468,107272.6967878073,107608.95342412854,107864.74126286941,107905.68003945325,107789.32154630455,108444.54669163453,108983.61731757686,108922.44190065679,108549.06873326964,108604.29775544809,109301.53856792365,109932.45956267946
30360.0,40773.132361386626,49530.83887100986,57205.07532710448,63795.45743543813,69966.0084721914,75257.99714903922,79726.6334866542,83367.35419574975,87207.92395287142,90237.69373102913,93120.11594941733,95200.00453022275,97316.59716031987,98284.29451369145,99814.64404960511,101064.18104048746,101896.54366507441,102978.15082220743,104092.49065233007,104770.3111065545,105860.3244223282,106580.92217563704,107332.47021422308,107209.51226974404,108347.87013022332,108862.5689691417,109170.1349581844,108720.60907986428,108960.39526965283,108899.24465217821,109316.70655753612,109327.65177125296,110226.37178169923,110319.25348562415,110473.17975660515
30360.0,45001.137450033086,58363.18252351888,69991.40046434593,79935.49920333127,88873.45613353237,96384.39089178339,103354.0448434042,109216.39902761778,114892.57781889709,119923.04895856226,123887.10804418044,127683.72399157623,131218.27121067647,134523.0091574318,136820.41987544033,138533.90932874614,141231.18130650837,144028.17540455377,145695.12460648202,147584.19521305693,149523.38746361033,150209.80756233347,150610.22317321092,151693.13614038785,152391.2608408933,152915.769374846,153021.634519731,154179.01861991096,154577.22892634346,154414.2098297008,154903.33945320107,155698.377763659,156377.16302984886,157009.30354782494,156956.67354122465
30360.0,36301.20810655581,41758.11525349519,45895.2713850428,49949.25380098677,53503.009162236165,56276.22622332712,59142.25690391762,61440.129082171785,63471.04915866605,65095.35177955025,66793.92871975873,68075.87815849208,69084.93170202799,70174.90242240368,71083.99194290854,71543.57535745743,72274.30264337444,73019.5124787565,73228.15356077834,73867.95291085322,74372.68917721846,75471.7380455161,75456.52362086384,76059.14223998922,75563.99437336263,75601.80652503516,76316.73743586591,76334.92021401673,76658.91205909401,76864.03754408912,77212.42439435229,77339.52281103772,77724.36669291797,77110.4774173401,77408.38121803221
30360.0,40275.498667093096,49362.70491467265,56864.35611602728,64342.503918799695,70869.64192405237,76567.03483984138,81837.9920383591,85640.12691613876,89132.14370281307,92993.60877530965,96272.64511311948,98793.60903705271,101069.57990042276,103550.18305952614,105255.93767540499,107768.09588264476,109177.00766895391,111561.4112527027,112909.56157374676,113436.45483408825,114372.58677052961,115334.20017020452,116128.21048422571,117232.26446935233,117522.57032460747,117518.10738706765,118002.39016171385,118111.60179260478,118100.85006880987,118356.11063225039,118704.39033329111,119410.15814001253,119507.16168295496,119137.89018077012,119255.17815215368
30360.0,39779.9168419234,48778.526475232036,56659.96441404616,63678.650618331594,69557.67044132049,75036.533024999,79675.7250886341,83406.39217345335,85956.04737629657,90027.4515522864,92720.24781266027,95467.59912653107,96569.6905476008,98109.77609769185,99365.30431492793,100935.96038441647,102231.98595517229,103859.51934526516,104862.30934763412,105986.77233738094,105887.83766593366,107547.36325905741,108193.90850342588,108709.24523582139,108785.67507891836,108614.6642636444,108293.49491240268,108772.64657768993,109091.01398173362,109007.7425010416,109402.84536530213,109643.70522519898,109293.41920717918,109187.26547328851,109307.66525512307
30360.0,39905.17053630789,48260.112558921595,55651.97373555482,61869.39772057975,67146.3672671889,72156.32112410298,76563.45747297393,80215.10907440995,83107.50766193515,86063.65658323132,88551.94560757978,90587.24904703852,92438.35915526026,94042.77434170601,95878.25356156223,97146.74142831042,98336.23687478385,99451.48473988807,100257.41378430271,101321.29150801006,102146.1770883482,102553.0372022335,102768.51788055789,103079.3847949677,103043.55299194751,103261.22619055638,103635.43730409275,104010.75353492901,104090.49001107355,104060.19429809734,104226.43068086483,104485.75637801601,104171.76808536246,104153.10396777939,103404.2442605297
30360.0,40725.942648107346,49952.78026453503,58096.800995229656,65186.003518423044,70672.14287548664,76399.77211038135,81638.8052348812,85341.78869011246,89123.22388390855,92365.83772154099,95287.54421590791,98304.53497250355,99820.20737682481,101128.88354180507,103442.40238888568,104465.26243736413,104984.50080089018,106049.17461144387,107994.18519256268,108576.7789559116,109612.65899045819,110243.34724874819,110990.16033251374,111268.64200531827,111435.46806069429,111884.03439349559,112249.69408956043,112151.93828953193,111348.13931172082,111937.80337911143,112301.02995797628,112578.71429321206,112415.90119432787,112446.4814026145,112729.17548334977
30360.0,36945.59280623499,42519.08152291742,47078.462285606365,51199.83610239827,55256.940122324166,58092.04855852731,60783.47893518694,63147.57308389504,64637.46915444055,66869.29217012571,68408.67648055467,69564.02016546503,69929.10945196728,71138.47753808342,72056.97844522972,73248.17733143676,73684.45428591297,74028.97571700189,74476.38258918283,74629.4787312495,75607.62456041748,75597.12567591197,75814.11933179609,75773.81823262096,76162.2160728959,76774.13322918811,76374.7089173431,76900.49302925362,76629.18477246445,76296.09609814404,76002.35513089554,76727.00598295554,76970.7663194231,77182.24019830933,77774.54579554222
30360.0,38937.75280880755,46980.97692812992,53650.44006996268,59587.42038871536,64956.92990294297,69346.31515808408,72985.0187465528,76131.04226967707,78965.95633602499,81456.12803364516,83883.61936125603,85924.07535803872,86841.80728131809,87951.83273162026,89098.59388387616,90573.23169969216,91586.06521759214,92515.41421137727,93599.10963024793,94666.5144050636,94992.94068826125,95536.3005241519,95400.46616177498,96028.54494954756,95370.37471572174,95317.0365632315,96076.97494055843,96783.40148515471,97191.61257522619,97638.16853361027,97653.645896291,97675.27352539578,98104.54219110991,98301.1146644186,97831.23588934774
30360.0,40382.64837070682,49695.518570888176,57605.31352023073,64436.41903057094,70595.93363825709,76290.80502781307,81201.26839997612,85068.48791462538,88195.97032226861,90822.08560616578,93779.51292930482,95945.33401174929,98199.22895817272,99975.99234671087,101370.27995737134,102910.52314317717,104047.27865215245,104303.10795807211,104905.70836033134,105580.27598089824,106338.7937332184,107080.54825915936,108346.72820186437,109174.10461359784,110049.12428064401,110412.50507200477,111052.31911318765,111183.90650701149,111466.32329841149,111152.63278757472,110686.9150885338,111247.66318542798,111771.47786101032,111751.43336587946,111769.45788033462
30360.0,37570.2176103862,43810.89916985712,49531.545649440195,54178.11478969892,58644.92176562656,62320.99093444894,65727.94029081786,68854.20856766484,71640.69086899271,73519.45388707815,75135.37758327441,77490.26555325487,79494.2030842282,80270.22245185389,81693.7311688278,83121.956727612,83640.53632125726,84096.67346109213,85249.68997630497,85406.24123474308,85524.12231525524,85969.15922964881,86080.54310810627,85916.10180743372,87322.68475790467,88044.25469796796,88810.54416842667,89952.25413996483,89609.14168065753,89789.1277122535,89780.44772777191,89599.55460516378,89894.49541722346,90372.73179418006,90170.96714114741
30360.0,39653.95960364731,47850.117955844435,54950.11362468425,60715.24247728641,66068.24742704332,70191.60349969524,73806.4331073627,76395.9593182011,79443.12451915647,81484.67446637407,83845.02461916966,85300.71688500614,87000.98197380855,88743.1025770646,89300.78678707278,90313.35078685707,91611.27035092113,92330.59984762302,93202.41673327246,93717.73707786437,94564.19012086475,95164.76811136401,95126.64231165388,95461.59233986629,96040.18077315461,96801.42036719038,97166.5253121983,96913.8804469869,96903.5955695642,96213.53460054843,95977.75862102739,96070.47365777685,96274.38510134912,96365.3189516759,96486.55939808354
30360.0,40017.36716793912,48787.681517010744,56260.306445779905,62771.667826979545,68613.7391829045,73395.81544514131,77854.71374245187,81651.38160925132,85103.32387063262,87718.72066077043,90587.14464193831,92052.99713603435,94022.54824230522,95402.50201085313,97169.61505741318,98401.66644764291,99663.21541618423,100382.40616194948,101175.14409296335,101422.67824695517,103027.70314874226,103732.86616539204,104554.91150071776,104217.11826762444,104540.60894902672,105054.9014577479,105319.95707323749,106150.34798136733,106602.03827695096,107170.01301074938,107025.2938054395,107734.04703956793,108213.89592498209,108618.5801701646,108121.87891769901
30360.0,37980.216716467265,44276.11683577557,50485.09354850515,55731.79491791772,60528.131543400385,65299.4010578339,68672.22954452495,72031.5273502004,75012.405869381,77727.45189711441,79470.34630308628,81159.67033721894,82784.19802946076,84090.82793720394,85328.8344619801,86035.75833653205,86818.73536571533,87247.63004796604,87675.50374531504,88796.33770963147,89371.14313132444,90625.05049844622,90562.32046620024,90875.44311657222,91495.79222776789,92025.16372259495,92202.92573062643,92378.28782823314,92352.74428796771,92480.63692868646,92691.24399066935,92920.53751116214,93107.33838279519,93368.10700198081,93557.76539475365
30360.0,40968.5588228501,50562.18301299898,59380.33900971107,67248.7910569541,74616.35942697871,80769.92730724736,86543.55548075259,91552.05174075268,95759.34502030403,98916.13967378855,102527.55431514609,105834.32662861313,108331.09223177806,110792.46794853144,112753.64008343745,114700.04443512927,116483.97943282369,118581.03500808107,120056.7748295285,121678.20208399803,122010.61222839415,122380.600973041,123663.22123482024,124231.08243484843,125287.52515841764,126233.981035579,126590.49298823354,126950.64878726918,128203.29835396819,128492.74945580907,128592.0241881728,128657.97843712612,128603.68800556482,128662.77832700172,128880.66067252959
30360.0,39429.71001340475,47697.274980249276,54847.184255792665,61451.03413642381,66428.67803141434,71212.93277771122,75147.66115206567,78787.37663865546,81634.24792082846,83842.01791165562,86537.17475157055,89039.613806621,90826.6234431808,91843.2747291017,93802.12640458361,95132.92983066254,96691.72996823525,97330.37847568738,98265.88322933839,99699.67696426256,100371.73981387132,100963.21493543459,101449.74343691101,101494.1832357604,102375.28869977115,102265.71052820758,102829.76631315361,103150.22244209835,104074.11418539425,104098.45769045428,104566.15525882578,104877.38646968344,105194.85994682167,105437.34056249837,106136.434292963
30360.0,41632.92122232352,51920.688842354924,60695.49802829875,68438.42250950768,76181.0651377222,82503.06059036635,88303.78623470999,93601.04185431775,98704.56369450122,102994.09061077582,107265.16139429974,110861.74530792989,113619.40559871499,115702.47295368016,117855.29180432057,119922.27931131182,121591.70872633008,122518.31285689464,124114.67297327807,125866.12182886155,126768.75439239475,127937.17093741312,129482.99980976766,130165.69953438721,130981.66270164611,131803.39712349762,132508.5399531328,133201.81546486367,134076.50891712285,135255.64594927116,135389.34958729605,134914.53112410262,135695.08814108386,135784.90381254023,135838.77664141185
30360.0,40695.02580811919,49947.26356463544,57872.65768380234,65656.93175117087,72295.9014036117,78019.59784118191,83762.0067862962,88006.54344423593,92091.64307784855,95823.72339804814,98674.47226411098,101854.39762839893,104863.69857152883,106758.8182270904,109351.73962206698,110497.2209713266,112774.30334201346,114260.6365175689,116227.30672744886,118248.03973991632,118642.79205608282,119867.88622875852,120365.59449862178,120924.54476988156,121230.00259125762,122497.60435513387,122967.494908422,123109.47203552921,123353.7148827708,123248.06704164104,123296.33395863904,124053.05112664813,124702.27047474259,124622.29804274312,125485.32505251894
30360.0,45511.75545168568,59043.64043076501,70951.05079492547,82168.21803921966,91751.04701176238,100169.34448931448,107617.24542817181,113512.57682405628,119336.5006528774,124361.91128556123,129722.9277044472,133569.59152877633,137039.26792347792,140557.35215470596,142684.2269362463,145421.74317074456,147532.3344429747,149546.02618760403,151698.89488086308,153752.97004281217,155362.02757935104,156638.2963166159,157738.0877317957,158829.95292061375,159923.42311813144,161052.548667062,161692.16301583487,162644.6876633827,162982.6713478846,163509.15796060115,164238.16766913576,164424.25380766412,164261.8585090411,164295.48965195342,164903.04192339745
30360.0,39898.672030775706,48560.671124855,56172.296627241885,63321.544482295765,69497.4228270696,74561.90375136725,79679.05329777091,83582.89697841571,86544.87047362009,90392.82731009126,93668.75768167259,95801.54200624036,98054.74469213205,100542.81850802887,102580.27560576935,103426.32366876132,104243.44219292693,105765.91099556173,106721.44924735726,107126.31609057072,107769.30767164243,108730.02637677419,109488.33924320708,109552.07630848317,109215.3851376859,110115.07022777856,110408.80443079285,110595.75264602849,111044.80837507307,111963.9763005135,111924.63541901839,112250.05152379253,112747.03188619121,113189.1798791209,114332.77339609261
30360.0,39318.53405761738,47303.85347842866,54562.30596677269,60455.516648980585,65604.72842841416,70069.0552468566,73676.47815582676,77481.38627388784,80388.43340896966,82784.12569782145,85468.70630633665,87077.93523475526,89090.0228638797,90325.42401202302,91799.08915663642,92959.34480305598,93792.28752303122,94873.66035745954,95809.52147163171,96499.11049911106,96929.647395691,97655.77680375545,98107.10779015915,98720.07614982179,98626.56795229093,98460.52764048551,97852.82056864025,97547.91876532229,97933.01386067286,98285.04171456564,98070.97611858636,98891.75031259442,99058.20236355305,99416.6789661635,100441.88809249518
30360.0,40309.62656690143,49086.24284053748,57318.461928572186,64770.57095441703,70459.86040161965,75546.46652447537,80607.07467292227,84718.58493152914,88329.50849567217,91022.29263160279,94721.21676709616,97091.19376332375,99392.67416042865,101325.68951111496,103621.13708237463,105209.08639715522,106608.76365511399,107907.74520578112,108702.94649975265,109671.81635054426,110256.87357253606,111024.3876535862,111518.53362571046,112663.20165761268,113110.22999745767,114007.57424976994,114933.51833916952,115673.96610749309,116276.14387538348,117133.80489096715,117512.66567826185,116994.922104885,117524.55585027327,117693.00653926063,117988.63297084103
30360.0,43842.41282581862,55892.82658153451,67101.51523420423,76841.28205000059,85236.93861442833,93153.99051439707,100834.30074522579,107054.0035435646,111826.09102997968,117143.70924227031,121255.34801992848,125236.6060468471,128848.4023178259,131792.57977095793,135412.64847158798,138516.0832226215,141112.75923249702,143354.10838322254,145388.1552495772,147196.25049045862,148087.41715970685,149519.88346559493,151191.62070448734,151836.2327622014,152721.18433304597,154102.52829468774,154908.49294840303,155318.19812546225,154804.86007363192,154788.09430391935,156102.88792527714,157177.32450115925,157560.00710555277,157706.04694291519,158197.3451177185
30360.0,41078.42863417175,50911.66492507949,59486.14265932799,67772.27735985907,74621.96209053506,80686.37451198869,86118.03638106343,91302.43704656918,96447.68868428095,100444.19960449976,104327.40140227054,107087.84709206231,109839.29019758022,112939.46662321423,114999.70791121939,117075.78013153403,118566.93008675905,121065.77490342953,122345.18075278627,123428.8433476691,124906.41135694608,126530.10177836045,127366.98448432313,128010.70723255507,128377.43365109427,129485.7719676918,129502.31882541858,129954.04312375405,130451.15475548308,130906.41403758049,131523.9122558119,131556.70578450288,132325.9144973885,132962.48201806535,133302.00498231902
30360.0,40816.44329868118,50325.762202855665,58689.07715468332,66272.9775969016,73001.9438907899,78554.55042085414,84360.20304903077,88981.07050344543,93451.74768405288,96617.9326355612,99996.68853665522,102952.02501282652,105945.39518248088,108544.77480953287,110804.92457185133,112779.08030944497,114221.19775348877,116857.8415324636,118533.3062531885,119580.95221352616,120305.163861612,121717.56245849332,122660.38848189404,123818.63422869067,125026.36041783523,125907.62612672869,126752.37403571501,127004.07507828217,127578.06891072838,128388.56042625902,129062.05895735236,129184.15505343601,130273.57532279346,130179.82241855843,130288.3889234029
30360.0,37562.881045663744,43866.605363263545,49115.38040253747,54067.20315559897,58413.11240703543,62783.70222308635,66333.64786661921,69854.23134990294,72679.07423868151,74852.2159345282,76854.83058286099,78811.43259356535,80895.10351340474,82706.5913112307,83887.62495317622,85417.49446530225,86456.0433969879,87354.75396600999,87990.06849412594,88906.95067823489,89817.53461533431,90780.26684835805,91151.0482372678,91564.22299036763,91955.40928370287,91887.20484100303,91928.58607113695,91564.81420822936,91865.94921168928,92098.7000448602,92320.35905463395,92240.9596954231,91988.77394106079,92356.7133621694,92288.38974070553
30360.0,40045.993362488596,48954.31465855147,56326.01910276246,63386.22622098109,69726.63270452835,74640.02036579733,78816.62302272733,82605.29994258266,85943.27489406086,89152.3860382565,92683.44229874165,95625.52989304322,98210.9134090772,99766.97233404004,101387.06683683858,102848.50320914827,104036.99613989709,105393.21032782567,106715.696639475,107443.55736964878,108500.90878234855,109177.42993598159,109677.88561723653,109884.77615035733,110398.13490420074,110340.93552420424,110373.91008569249,110669.97149981519,111010.58926167569,111369.76070399157,111681.24311356976,111656.85183927669,112078.5263181708,112413.90090859601,113307.43790623758
30360.0,42006.48211956987,52072.019395256204,60702.45047863347,68341.96709443921,75938.61895216652,82909.64631568418,88673.62340970687,93684.66785933924,97777.98414577816,101797.36755651674,105365.75315130303,109065.11057670976,112767.67473701524,115117.0813425317,117910.27670459886,120106.52989469629,121986.7841048803,123034.5792548883,124584.55171952631,125668.32194749193,127306.09207888572,129465.25004383406,130185.96747989443,131301.85167803845,131672.76403590143,132265.3567496611,133045.07670174606,133083.8115838678,134145.18970114118,134629.05895331246,135437.06918914244,135458.34133009956,136016.7667566507,135521.64762622994,135414.49880478735
30360.0,42400.507938829236,53366.60193553786,63219.56709911839,72226.25400185918,80541.28215034174,87304.18448867973,94053.09678512384,99614.78149618764,104343.41339050635,108683.96367401214,112598.69971402727,115446.93494846154,119248.2053234633,122127.11949825347,124348.55739414203,126859.24022386376,128596.92857122509,129928.80194799067,131328.68355615693,133731.59320666155,134904.9128975316,136522.16079190566,137472.8260038809,137822.7646372597,139160.77054303407,140136.46250675045,140709.21765791078,140817.84888032087,141697.09127407233,142471.0903194669,143523.7600688403,143888.30865726565,143750.48735138518,144155.93094113542,144493.25785811702
30360.0,41299.03814906228,50841.44193171415,59765.59382310412,67640.6570940796,74025.54683423917,79698.58917528242,84863.9514836953,89166.13655324256,93348.91740171812,97010.6907378465,99537.72129155812,102098.31642222423,103794.43333477674,106578.8974191084,107914.38350130145,109426.87238303371,111001.6324059563,112487.18966845651,113732.55983149068,114679.43247214443,116024.04544440695,116434.93390027205,117297.10964175183,118072.47496587283,118618.49796074552,118749.27582792591,118786.79656264618,119177.13986797149,119100.80880417433,119608.72719200404,120582.18635903897,120348.10156028625,120319.05766861314,119807.67829366594,120091.70520937988
30360.0,41097.50029635337,50414.98153363587,58398.34096899734,66071.32764125637,71933.75863912892,77212.57340149097,82050.51960691951,86115.43871970115,90328.1748326613,93270.19929331694,96242.46612309058,98473.94279381605,100909.03544741744,103096.6121477635,104550.23206377239,106075.00472961445,106715.25056910206,108117.32959886952,108919.62425337144,109878.07013411484,110948.64269237843,111472.71026744206,112107.40685363764,112564.04835558447,112300.6737664653,113067.02845770682,113187.3281425242,114380.48519005302,114089.77742320919,114289.35808263863,115373.4259584984,115597.932142792,115949.34319272965,115892.29130241626,116781.08517488196
30360.0,40983.26297263904,49969.180521474605,58644.20860838569,66203.92724101074,72631.49633652,78216.09604560916,83239.20958862027,88088.74781720046,92703.10688103011,95965.09658309049,99401.04154397563,102576.22204986679,104436.92086464199,106613.03300882627,108529.32371700728,110920.04102086052,112486.23328696421,114424.47993159249,115528.83876835754,116760.41113648211,118560.2753535079,119386.65645334085,120563.06862206364,121658.27720709212,121946.7722229426,121891.57873458359,122659.05738377612,123110.85707812087,123013.80315654835,123059.04069632484,123698.73071797525,124066.23734844172,124475.15608626578,124428.87338881886,123834.76746127768
30360.0,42247.11282111396,53056.61041371846,62286.97191173621,70949.03570615132,78329.83023877694,85167.72334446164,91266.48113128253,96570.65650010185,101795.0340740165,105914.28394019952,109938.6697470751,112675.51026322843,115281.96424096944,117767.18713971088,119875.41052151582,123065.93717968305,124390.3220935701,125878.71361984847,127237.9551600715,128459.91164305274,130158.6894502929,131716.31677089553,132541.59993910036,133537.47076952542,134124.99110770752,134794.70273227047,134233.46468975447,135234.21257978227,134904.4118632745,135863.6937724211,136572.72229051395,136388.29352275614,136587.10154659985,136730.99700835338,136931.1200362463
30360.0,39143.59229017475,46699.676095672745,53175.63064106545,59630.22988858,64689.984545559346,69600.66993659177,74155.83736428233,77848.7128892028,81270.88262713731,84633.53943199148,87390.46814659843,89237.25580111954,91586.9307759196,93908.11246061507,94749.81639121973,96223.7793681513,97535.49703679029,98666.61074104586,99886.86646756205,101549.3374162835,102621.05294219808,103213.30915052768,104701.78705441418,104978.90935160028,105752.67451159765,106027.13702576714,105962.23127649228,106946.15922860727,106995.59196307516,106715.29990504503,107318.2771104252,107961.5631096247,107800.3218143877,107606.54151650467,108120.54339025551
30360.0,39580.97144737926,47792.93531106464,55594.8052243356,62415.97873476618,68366.91098116248,74058.63044457458,78303.72807995797,82995.11759046999,86714.6501959532,90449.73981685637,94115.9713360051,96467.6920974144,98646.96012442277,101269.07803842869,103472.41107512245,105879.96579542034,107026.92188902012,108142.03390897752,109436.96978465086,110293.31654243346,111764.2047672699,112380.8533181177,113542.17437829656,114764.90286257776,115922.44573815499,116511.02809970037,117445.82679301276,117860.22607710185,118086.97956683699,118766.9903526955,118945.21441768708,119602.79754475463,120048.29923184968,120609.23860924553,121376.30347966023
30360.0,46385.75531541001,60350.92260253033,72133.07537443575,82316.85941294103,91502.96123178204,98898.90649746411,105345.72030268234,111939.57227070004,117518.02679456008,121668.4303658575,125791.15301270141,128737.98566239819,132028.33882865708,134618.2512022328,137092.2680004705,138504.68360828317,140517.3222406629,141865.33260893342,143281.6929098269,145634.86646709745,147143.57045231044,147400.8546942639,147844.80352451082,149400.86899597713,150192.11936526475,150432.7693642763,149864.63989900693,150030.23680042676,149482.9702402515,150399.16066823286,151385.5959891665,152399.62150896213,152934.1455945029,153086.04944689397,152560.91805437653
30360.0,40141.78386052682,48583.50692765154,55801.10869748088,62431.728035358574,68480.25531978485,73296.02194384276,77745.441890586,82075.30612318477,86125.2655949668,88685.17312914094,91248.59148910665,92884.73658989187,93686.52642867832,95495.12902451292,97092.5981991841,97953.42066765676,99673.91083413202,100129.8118831229,101855.78527609535,101999.29621360125,102193.9954172427,102336.17304993495,102741.06961073115,102488.84188552779,103035.50156951441,103646.04084003888,104034.29936364882,104938.38534263763,105454.94281363639,105188.11249193341,105104.2300849949,105058.58478498492,103746.48946743264,104263.64748524396,105174.22287937898
30360.0,38736.00847615083,45701.817793576316,52409.45334081989,57636.05521173367,62814.363056302136,67726.674344935,71695.35646875149,75800.4953281572,78864.99117846256,81522.24765790501,83546.79632566035,85930.2750317822,87738.01997727781,89275.89408004479,90810.11002190832,92290.56713825083,93717.72025213041,94753.42656016492,94309.82874683212,95051.0245335326,95698.91722136788,96057.05056800392,96286.97992661789,96104.66203985375,96642.69495521544,97221.20726972989,97423.6017250263,98098.47667985085,98886.71980899853,99296.79242537674,99361.0693138339,100027.34594130777,99559.11146513162,100024.66569027212,99709.5106268884
30360.0,40633.44255976914,50193.79187366802,58885.94581026254,66276.7899972368,72657.8552401161,78715.98468482304,83631.87511001958,88629.223508458,92421.14813804207,96115.82996345255,99316.18026058527,102486.24040885815,105372.22648276447,106911.95608727385,107804.5023262089,108729.76148705852,110190.41283528015,111825.55156439071,113216.00253967207,114794.24485871666,115697.21718913317,116450.05296316302,117164.76370661991,118404.82792179789,118482.43289077844,119198.11747473587,120082.8911272868,121404.78361683087,121398.29622551115,121427.79106178788,121812.06363999847,121425.42968419669,121840.64344918214,122007.40776866912,122359.39270608706
30360.0,42513.600316622,53723.11967590088,63580.671744710606,72740.00876825325,80599.82678079857,87852.93251180377,93831.1902212091,99306.66065571365,104237.87679687577,108857.37801249186,112928.5176369911,116103.50707394964,120275.48999008139,123424.27416442096,126461.14808591074,128950.88822171812,131234.88338469723,133726.52140343975,135875.4281535251,137510.41514841994,139132.41621111162,140791.04387786385,140813.96431460915,142370.98676308495,143580.71401426,144387.05185557654,144492.79150000276,145022.3008185381,146095.4410085828,146402.29918880106,146267.9997572481,146482.4416500648,146857.54191460428,147896.6953019501,148135.2381116044
30360.0,38559.129702954306,46176.865367882245,52784.368953070254,58991.68742501511,64059.408447754126,67993.32500176296,71462.02428534465,75188.2235973407,78010.13789194258,80571.18311974741,82500.38368088468,84601.20313093881,86035.57137166425,87810.17394045957,89261.65113347842,89630.92280000872,90957.50875730539,92025.37237809182,92597.8733387044,93478.20073001015,94395.45888386358,95137.36506840379,95272.63950299083,95489.28358999683,96382.46981056873,96202.91401782275,96540.82788401002,96567.00035565121,97055.0145621479,97153.70475619311,97921.45397179908,98181.92751362041,97985.2385875028,98070.27667393269,98486.26334317618
30360.0,39781.53710490841,47859.26453289742,54533.2087507141,60746.59098725036,66077.82099778157,71285.00950455139,75609.76731287161,78889.87314911766,81902.53846366314,84506.14986005567,86768.3178121623,88001.04268191077,89378.94739035038,90796.21299068138,91874.11538407333,92615.60096878033,93222.20878665287,94278.1079793778,94905.31994195771,95676.00045048614,96182.97567823004,96957.76676389434,96873.06018194638,96920.4493323988,97231.81850014676,97706.1606735052,98562.74982459878,98898.33073714307,99646.81522113715,99307.00155501442,99131.70748864535,98530.56076751731,99191.03420950133,99781.97912999532,100234.89001180296
30360.0,38487.228244575505,45724.998075388474,51743.70965485171,57506.91309767226,62225.64413425988,66927.09026495372,71177.95821604159,74364.6773423237,77706.00788581494,80893.80831849469,83661.63156483663,86323.20980093519,88125.1161250863,90156.5041450482,92142.94269294241,93680.26265250158,95240.90935553942,96895.27702382082,97558.02797474386,98945.24729491085,99686.06478017135,100313.3608178762,101132.18008508268,101785.56187377847,102275.88182028188,102227.0212189653,102649.17453316237,103155.123109685,103304.82704312244,103575.11294332513,104353.42215782907,104367.73575011567,104671.7945548155,104770.44343088332,104944.71644030536
30360.0,42546.98220031925,52642.269041538115,61902.15827020332,69699.11220177656,77090.26501253499,83103.75617992126,87549.83027642642,92171.45631698557,96334.55299924564,100498.12860713938,104054.64714396364,107606.7503664514,110092.991896718,111538.83316831676,112839.39385627548,113679.55111717513,114870.11971176227,116374.36437846036,116847.9374594033,117446.61194593261,118306.81399516051,118620.40708369401,119027.25301305267,119941.19176311989,120338.84731104398,121438.1652152434,121702.77713663393,122172.90970992493,122316.79394487188,122120.89880581858,121781.95458852939,121596.34130289656,121621.02435325395,121989.79431012133,122473.06617068712
30360.0,45324.743052031685,58885.619447260615,71324.20588305102,82575.987403972,91492.93851277584,100335.33901571,107963.74782678291,115851.13591599789,121673.26535530778,127791.04471875941,132060.83975490805,137309.54191968677,141616.37942597544,144978.88016273585,147779.4588916884,150569.20349051064,152784.00774225494,154237.24138570137,156581.02032366948,158450.758824421,160521.47861168208,162465.79187233112,163795.56860350058,164334.15550592454,165757.49177289417,166211.46244454823,167474.59897237542,168894.57966902977,169327.95380655676,169632.22702855238,169878.44178380564,170018.83558158175,171700.08772251487,171478.91167019325,171271.15628722988
30360.0,39285.73024819864,46792.15671818748,53515.28710898047,59161.14729200411,64533.43842052931,69329.72147301174,73074.40969929867,76367.49391827326,79675.80345778551,82711.98765351952,85112.33660415631,87706.37176356268,89116.4313419326,91599.71747888878,92727.29203897365,93759.71372960079,94248.61387606805,95345.50480016698,96331.67761655839,96848.7563485285,97879.03551886442,98795.74926920628,99192.02493777033,98964.19829195489,99417.88934735594,99524.14302047025,100565.1936199944,100076.76418642297,100776.47138651254,100504.3782936515,100169.50781987894,101284.94571973145,100698.83984878674,101087.94505394921,101511.96557507777
30360.0,37540.86600575739,43654.8040430185,49377.855379361645,54532.548568251856,59255.131322755944,63234.29139043426,66819.64526593812,70296.68736117333,73325.15045048973,75599.57219651813,77903.70000741068,79763.35546078793,81793.4762409155,83469.74548195151,85063.8621212588,86633.2713617951,87733.48018786995,88996.67575203601,89562.48419958544,90374.90656736014,91322.12404494849,91519.94642859214,92315.11864591972,92982.61940161734,93883.9835861842,94032.13143320578,94554.30892918959,95276.42728380143,95643.86454485107,95327.54800270054,95352.38565123634,95452.91151378068,96614.20504380026,97230.47355705012,97281.6270785437
30360.0,40649.16663149695,49745.328387671776,57727.84734203233,64047.9807790442,70352.497270257,76186.99539341289,81261.36403618843,85805.687418666,90238.01079165202,93264.12296707359,96725.76839072861,99165.41401422415,102538.25871864628,104724.44854027663,106685.35579027716,108203.52357160655,109763.56684946793,111537.18884677973,112271.48440436105,113448.51451292011,113919.7694165773,115226.16126900265,115754.41806343594,116925.41748608724,117615.27867508188,117856.21513540582,118438.87306520178,118845.5035991548,119009.38156135063,119146.07417307895,118563.93114887206,118315.572636143,118459.33989790444,118419.58021675092,118222.98371246798
30360.0,40903.421888915254,49757.421836084664,57347.296930100354,64300.583811936915,70147.2154906087,75215.32189550085,79495.09497408418,83220.65872175981,87265.5609746502,90442.1521898221,92796.17817238029,94641.68764875589,96896.98010603267,98867.08657215824,99207.77680781484,100063.13386067247,100364.43070338422,101305.50934676276,102163.94163723722,102729.26274863855,103139.90455999767,104761.77083582158,104803.70011144581,105571.19324808344,106122.40275689834,105406.01796015596,106371.92277472721,107029.08882962477,107742.02171728008,106880.52983146545,107338.68535062969,107532.24127633529,107806.9341229296,107584.55024515622,106935.91363918185
30360.0,35978.05686512198,41064.2536651524,45426.33809457111,48977.77454125612,52006.55320270448,54715.57817932426,57525.524826622524,60036.446506918895,62395.2329605005,64230.990256624864,65672.72909259079,67504.35228229674,69186.8232307967,70209.97617767601,71360.41056835605,72112.75120321762,72867.56620120433,73917.02192184601,74538.6702590519,75696.0546689345,76625.41689290084,76889.83840743214,76809.61664627038,77619.41511748754,77244.29139732334,77283.13253906067,77792.73727850198,78015.9486299124,78438.28061145803,78715.23235601008,78820.48030845111,79369.44843713884,79949.8869831142,80286.03035036859,80291.76545786296
30360.0,38761.984881545206,45940.108403497135,52368.59659353006,58405.01188289771,63263.75287402503,67595.02495583579,71761.91723902099,75933.49548214201,79554.42494435387,82137.77942746712,84333.60865071138,86827.95477642526,88916.8750299933,90844.75826227639,92409.35393904279,93800.60991199162,95208.07108544861,95700.38537702555,96341.42951947803,97438.21726864102,98846.39799426492,98943.68340056745,99365.07553468112,99989.74709072447,100093.07577898717,99933.07697003141,100610.48443518004,99908.43548171729,99790.29032943898,100354.39746956318,100916.98003130218,101849.07282970224,102198.3893421235,102762.31194615133,102889.99386979226
30360.0,38478.44601640555,45153.87278359847,51319.350972058906,56419.27590273285,61048.6688275486,64734.33265252473,68143.80915962375,70631.70974094492,73704.15098209445,75862.65905984094,78211.78344353606,79885.78520132967,80913.83119639005,82851.1912382196,83728.94499210878,84954.74345681402,85358.71169793926,86672.38820736887,87261.10057987414,87788.90460039943,88656.20716554571,88305.10679978882,88034.70806909923,87866.55967711283,88786.78358170488,88607.49365695496,88749.4030210792,88708.07619871432,89055.44722027237,88746.10222078592,88264.28808552593,88024.83420435859,88138.64454905716,87699.67851386026,87588.15854044443
30360.0,39627.11452456199,47936.33721717027,54999.57809951678,60901.48696340472,66936.94436583437,72180.29188079195,76951.16693813799,80811.70956270218,84498.04974054109,88460.14807402044,90381.48796618902,92463.3536497248,93969.89108043615,95686.70398241872,97875.0233546928,99727.84211270112,100553.20163500395,101598.77593117801,102672.88803018504,104026.95262131473,105931.88927735557,106224.78386286346,106523.79268311126,106153.87990559338,105883.76995407967,106920.98274861732,107501.7746261694,107687.85701475556,107343.29719802564,108052.31047598775,108920.45442979952,109068.78918783151,109053.5692941531,108936.91306016763,108777.99859229338
30360.0,41920.669321406014,51762.801682921425,60399.12402468078,68286.26518010205,75188.95891665612,81923.51842539603,87440.428697298,92238.76189926812,95687.28681313073,99219.45814270434,102200.12533770406,105262.44092241168,106789.33140234336,109304.65854510227,110521.11648480712,112205.73537030342,113992.34912251466,115190.24178557073,116522.74064327855,118120.02477765217,118737.35318286806,119987.0296643096,119927.17787287563,119377.32977437595,120219.96948168374,120900.39545207049,121359.18923465576,121514.8135788735,121779.52743746077,121891.0558319849,121731.50734715108,122609.22479437212,122644.99313734131,122498.32027144161,122812.71413061304
30360.0,40509.54910066192,49754.79641811413,57780.51771052893,64409.012198131095,69620.59866474525,74544.70052164955,79511.96372548564,83174.5348373689,86931.15083568552,90211.8436022372,92533.5118296468,94647.64870071059,96938.14525358666,99228.32592637243,100110.51930689206,101508.86827715844,102521.43672104082,103502.59494775998,104534.86773295524,105201.3798867754,105474.56070533227,105282.29869444335,106276.22525697209,106211.7484186386,106806.57899804182,106856.6653283732,107344.52576115789,108063.27259012479,107873.78382408207,108587.13503071472,108620.63964989963,109137.27739512153,108894.77885098329,108603.30437682288,108880.72877800006
30360.0,40071.987841420974,48347.13070918508,56018.07719584847,62375.80711988007,67659.77750438497,72242.99566801917,76618.1585454218,80323.75448262712,83867.88785654337,87442.77476124463,89593.4505494578,91039.28266641805,92510.35632645538,93586.43237014618,94939.49386922862,96252.79326511598,97873.787166089,98925.85929011606,99364.96370237533,100275.46199713871,100982.30901118457,100924.25325250314,101304.98513102636,102102.6549244085,102110.1096091082,102185.47428281959,102560.51009744039,102439.80228812677,102905.0552256576,102587.67780534465,102950.17881663106,103003.92065573277,103416.9187301437,103029.60060946655,103277.7561833091
30360.0,39579.795249751536,48058.517057079516,56039.73427603308,62611.74350677318,68008.20019190118,72566.31997052745,77006.24330145704,81399.68971988834,85340.87777714901,88067.35848119973,90674.93071043234,93405.62929544736,96430.82184205612,97634.07368581879,99453.86803861761,101123.83955454016,102428.40298624137,102768.71332206318,103335.32324779742,104182.66781330151,105210.10965873179,105267.28404934694,105645.66844691013,106081.09715722575,105296.76617903476,106111.61776914116,107152.7528268587,107653.78264147487,107778.67904810524,107895.37736049069,108196.33346749525,107876.47295362063,107457.51989966912,107138.18600080446,106779.54577154
30360.0,40208.25793767132,48870.48298004508,56464.61082631173,62733.98977510493,67939.73178350876,72925.36275581348,77629.00027946632,80952.46646260477,83791.71562211476,86541.32072733137,88706.61740525057,90700.50633045092,92379.73140110754,93774.7503463828,95114.74967893604,96502.06861404008,98345.75121575044,99605.26658255719,100595.49484476743,101462.53368442954,103147.11018439168,104288.77311213434,104575.22322680702,104910.29918988333,105415.44682542172,105838.77013605674,106050.49929063987,106229.04044445699,106223.03768074515,106130.9061522802,106839.77783054434,106245.51940063247,107067.71622170547,106924.95420238598,106238.76155318187
30360.0,39198.88019929561,47035.73161143691,53732.02440649446,59683.550312284504,64812.16472361078,69744.43844084837,74202.68841196386,77764.99136211936,81067.80725395327,83871.73275288714,86087.39204648891,87500.34316551423,89691.72268721537,91198.50823548954,92932.9512867016,93678.20929187458,95192.09236331785,95986.10301853377,96859.42219134813,97518.20467664376,98269.06856834296,99150.9776783545,100517.70760925006,101038.11140132314,101884.07792113355,102676.74876972822,102781.2819793654,103006.36313908815,103179.31761633292,104061.77806886646,104821.03825247753,105277.40417366997,105278.88164020551,105300.65933241288,105384.88170030719
30360.0,40281.9597471234,48983.818461975236,57099.206547522546,63483.89201243482,68808.28721928087,73592.50117355915,77664.24295123908,81410.82345988478,84310.05714042482,86779.51466931628,89473.133862368,91473.63417562612,93062.84988519386,94299.52068104685,96066.92534495049,97470.14438937158,98595.97056375092,98862.34965730831,99397.2183895804,99915.89744608212,100549.68895306854,100991.29344902985,101205.92235346006,101951.69095987831,102689.93015310801,103288.57834008004,103173.44363911697,103270.20979576354,103521.11362146099,103956.90067962091,104162.7006178239,104392.58197283355,104254.60544667002,104501.79475324307,104519.25127535789
30360.0,42407.21785914463,53277.42079732788,62286.49417988762,70407.88105938847,78168.33523937124,84517.01647137052,89983.68615489181,94879.08748274151,98560.70983047338,102738.52647562115,105982.49069600062,109390.70260485269,112403.15423944719,114385.11410322315,116558.28202875925,117369.11191121809,118784.74757234415,119766.07981985624,120528.59215527936,121979.2985691857,122878.34183875822,123422.97595230295,124573.70244071857,124865.36353410862,125624.62617837654,125703.78271859717,125976.7972958157,127303.22652890987,127186.53494334266,127303.02767259942,128056.57572452466,128191.2564392186,128129.84023463263,128482.62677861039,128090.3240854971
30360.0,40399.87241006059,48435.34866126583,56013.6996117606,62184.32265033239,67644.63119578776,72522.75405368458,76956.10341668625,80281.21315043706,82505.74051717985,84700.73215951845,87041.35298656329,89731.2827044845,91728.64187050537,93444.65936868079,94987.84567143544,95621.71353879863,96738.91225272765,97581.7477294433,98216.00777281512,98890.9012225192,99728.03825804303,100009.34437855468,100119.1759753313,100788.84599137434,101154.48112973607,100766.44202018145,101001.60232637447,100843.52031135194,100385.3910094406,100438.01273481776,100461.91481449381,101110.81852925268,101271.90669778879,102058.74116700735,102972.68472845452
30360.0,42815.74871653912,54097.87996870594,64161.44850766997,71928.57174176417,79558.02226565023,85528.23964414804,91697.01622656423,96233.76811669602,101593.81135447464,106043.30015072171,108704.50693021501,111436.49384473107,114122.10434943688,116756.53684651612,119028.0645038432,120542.30047210645,122461.35930678333,122820.51309124837,123529.34289781415,124258.55194227703,125702.75984075079,126611.94819177233,127429.06277746057,127996.96238263993,128578.80783225915,129369.23109265347,129416.16493580917,130319.32421440823,130893.91162032023,131166.85497486923,131419.33804301987,131583.05608920948,131415.39917166712,131879.59717094927,131774.24206187946
30360.0,38166.02301228066,45570.92974818173,52292.99950299425,57471.9957399201,62601.22756726161,67268.45100170927,71807.02862073934,75385.04021315361,78800.6579372946,81579.05851843764,84035.37671716839,86899.36241689775,89392.44490037567,91012.96204290813,92234.61562010988,93952.08796045341,95590.74810797042,97112.60426564203,97577.37963821918,99061.00427084605,100064.80983461034,100806.15639753378,101787.70899009229,102211.42718221103,102282.73349942072,102620.45839230691,103367.89823785814,104140.092188533,104260.1189245881,104328.52422779075,104723.49120478483,104334.77561235387,105009.58513309354,105355.03159309182,105549.11465474626
30360.0,38344.163983525876,44869.902367171875,51552.19480493947,57143.28883679039,61488.646299933294,65568.34868717722,69817.62458286714,73489.99238316609,76499.64088468453,79397.28225501213,81621.281489798,83127.27785329672,85413.34256150536,86913.28031719437,88900.9227340528,89790.17469276916,90669.22837628509,91599.78874390332,92566.54466569789,93435.01093481964,93794.81929634967,94522.09853396397,94515.46451004547,94586.09614349545,95507.8003341187,96483.31558775899,96893.46224549941,96759.27135076937,97214.92601115015,97312.40989749944,96948.39245930435,97213.8914442671,97594.19410392939,98021.04636413882,98043.88578557518
30360.0,40861.492837934566,49538.84223744621,57215.152886848045,63886.168684743716,70097.05740402846,75276.86080473599,80003.07808800203,83830.75915014283,87233.0507600877,89981.69571391382,92317.09252783583,94258.65622473681,96447.44081702412,98589.0056060022,100238.23398999254,101803.99951354014,103191.30699386443,104669.59776336336,105345.46333865836,106085.41238654425,106983.23511461423,107229.17436950568,107879.60286047879,108786.93520228077,109664.4410995244,110000.278384794,109872.50554571649,110111.7625195312,110809.05244826329,110751.05972111478,110808.12714576139,110773.12933793526,110527.701417929,110596.4037228693,110584.27046734077
30360.0,41098.30394108098,50443.37016420171,58428.54019884661,64914.36902639748,71768.88856849416,77540.56317556373,81819.71325855846,85406.00487151436,88997.63918009121,92033.90362782197,94921.78701073295,97383.72665341309,99822.16817832066,101073.0232800723,102434.76104279203,104207.35917978984,105554.327514236,106817.61761901737,107847.80916597116,108755.67326730707,109710.77029006173,109565.9455153707,110131.04911140467,110333.95295298041,110392.93601344718,111252.20933396247,110588.13447213662,110972.65002688204,111189.25546851242,111547.5613516959,111752.51937507957,111574.72861324881,112036.75954838985,112457.0460928552,112826.21306284485
30360.0,41747.544572001294,51697.09082381829,60572.09948962782,68368.37945977284,75156.36261615327,81481.06716259345,86522.77095907432,91028.93311389802,95336.07462644154,98213.90763013318,102025.36595822533,104238.47882966144,106986.5819266247,109177.84643365994,111122.47317725747,112537.9283535683,113849.37561777676,115019.74139910754,115796.5022386005,116727.61069811184,117704.37356387636,118823.08314644637,119618.3751628826,120045.81437339167,121030.83317725148,121401.86726851978,122242.0894861223,121954.44008507695,123614.86225167732,123135.09675531746,123248.47959439931,123141.32562048687,123523.69572589605,122771.3429610258,122532.04584540414
30360.0,39820.03028050608,48051.18579890411,55385.602591340175,61603.318096583,67269.53314815352,72500.5851057942,77097.20522738685,80975.76585417775,83973.73773415716,86386.25748689847,89405.03176781608,91066.31318757578,92305.04239666746,93678.58771578118,95140.25512108505,96754.85546975111,97506.38923645653,98790.07851703935,99516.72083464917,100489.31480950989,100791.87310993692,101607.71261526394,101750.86730796956,101691.28310333211,102647.232803936,103362.52396495319,102902.6684515474,103328.1010837748,103001.72855415556,103629.6470959198,103739.50368073379,103968.75363931156,103945.53347769061,103517.48012833444,103490.27018833968
30360.0,40969.37330404294,50848.16968118681,59191.43634240891,66882.87222934455,74071.47708922168,80254.59994327591,85734.92494934857,90800.94793616491,95370.83166708886,99243.21937593348,102837.9117181018,106329.03298466298,109114.01114900353,111349.32843162013,113883.72679279807,115898.98113491156,118346.10912210624,119937.5812380917,121230.23088886161,122524.99105762437,124160.3861839454,124668.90202210622,126412.9294984604,127662.81788522753,128882.30259628352,129009.22210145307,129605.27225189026,129472.41141093957,130563.09115132272,130577.24887865016,130648.4584305288,130827.3058574465,131181.56563381798,131691.26041530678,131616.6461189351
30360.0,42617.28784668071,53393.74527509873,62972.82426172174,72065.94003861707,79529.15265362886,86845.88692117979,92728.44505084005,98409.05212901883,103602.59603255065,108484.59347003145,112443.52996130615,115737.7724471361,119627.72162038945,123049.20871161342,126291.26117341022,128261.11961782118,130022.36100060852,132057.65728992695,133828.88241905812,134804.78697308135,136660.0309238582,138361.1133500845,139558.46235358037,140852.36712503544,141931.84255833013,143078.74631804213,144174.81232633983,144903.08193574267,146043.72014712272,146740.67864910857,147422.31788737662,147626.276010955,148237.1907800164,148639.28921767604,148811.19554827767
30360.0,43183.33396119987,54310.986278039076,63995.018625319426,72214.82830128512,80204.13028411761,87329.25246121647,93020.39705587855,98116.08226157518,102797.1848131958,106706.73975723103,110318.3777831057,113157.87263725765,115958.47737126154,118293.81260901607,119747.26705813805,121025.32476582516,122098.64033734414,123877.8908132349,124746.80959063278,125806.36474350182,126671.32184990941,127874.74363506379,129339.84162196441,129549.63453535245,129607.16153539049,130061.9300435411,130909.58465185505,131964.64430682742,131194.12183752083,130641.02323513122,131344.14554201535,131541.54246121642,131293.0459649029,132031.01377941328,132835.12149011137
30360.0,43048.763766017415,54052.87844081339,63662.06717267379,72292.61430699557,80308.28366415642,88110.3911792092,94387.67730243687,99306.23747309243,104139.97901621401,108473.99288932819,112058.27553099707,115971.9354002652,118736.03429396353,121901.5509952191,124856.46995806808,127311.42351400452,129228.3901113678,130428.2624255944,131932.35659211566,132575.70050415117,133122.28167897314,133811.63787683382,133777.56832572713,134966.38598930702,135787.82924090882,136143.27703565327,136634.4452749468,137018.8150067793,137795.0729232955,137756.8436897764,138403.92931051605,138841.93741886393,139566.42447609387,139825.68289426534,139859.260960224
30360.0,42435.80007749564,52862.574873162695,62739.05551399103,71086.86033743614,78025.44331722411,84792.46325544527,90946.35588025274,96616.6770233713,100772.69297158279,105296.92584113241,109135.22685364647,112481.33438535153,114980.04375322003,117851.80868056694,119373.89383212141,120972.55327123847,122603.82028348651,125231.61282619726,126338.61028047663,127277.12903234118,128237.94095742778,129747.76709382184,130308.9327928747,130975.53872616553,131585.0507337317,132346.4969081282,132725.06269187538,133399.93154082104,134287.81994890756,135020.16305723196,135618.06323682264,136213.12653162453,137340.96686649462,137342.45520459343,137334.93090499548
30360.0,39907.90597143485,48544.309715754316,56288.44789245338,63056.52148925578,68350.30370430776,73590.99979271556,77492.54306924455,81538.02699329094,85141.20279732345,88289.37946308462,90807.51737895668,93419.46340799588,95631.08267820168,98033.12223451119,99791.76926667833,100468.9055440449,102213.63097019806,103603.67509209388,104208.26945670806,104939.28467370823,105876.9314777758,106661.73918800824,107178.62298439456,107973.3783803048,107765.9972256858,107539.39937096872,107894.88460487757,108487.60504630375,108723.84653652752,108682.03517186952,109180.98647181499,109815.97181900729,110628.31014288192,111121.16463498164,111068.89002203419
30360.0,37652.245133907825,43621.827926780024,49177.16110467652,54395.709223062,59110.19117004624,62682.57704867965,65419.486420300585,68388.27121388528,71031.35817147253,73547.26538647138,75614.07924943804,77429.57066610805,79500.13341700581,81576.95185560876,82820.41767814304,83374.12011197252,83591.72075328023,84256.55213657951,84905.17729060419,85555.6911429536,85839.5495609085,86270.34579377163,87098.90329987048,87685.88775846134,88265.35614904707,88333.66413960823,88443.07326958384,89271.71418580554,89896.35668857054,89961.07413737914,89741.23003870154,90667.22107738555,90859.65034009618,90847.14355467561,90522.42943950814
30360.0,42550.36650466929,52614.40188209775,62221.90487459926,71133.07481654943,78375.413373282,84548.79427324291,89820.5784871929,94696.66541469899,99131.91757194567,103696.93541740278,108005.74701038287,111522.16515906583,114487.30871212503,118069.62802770868,120997.82550620602,123141.73638811584,124728.03261873953,126545.0213118884,127671.09302085578,129045.86893675839,130368.88884025715,131673.4112528579,132767.48093139406,134011.1300188263,134618.96203395588,134459.10242174414,135047.19590205417,135354.13377395287,134941.23146111297,136306.95236455582,136485.11184872658,137238.14148882133,137241.24185546802,137755.70535451028,137991.93437179696
30360.0,44211.89319049536,56989.09273258547,68238.29581818677,78025.76987691123,87181.5954770464,95378.79056347396,101647.29071983973,107290.54640724736,112331.51892061574,117822.15986862851,121958.12538828567,125556.44543500176,128290.87105027754,130907.98463372447,132452.5996631699,133800.4547380327,136531.39659294428,137843.05670620123,139677.40863505093,141058.6670464808,142297.90253650115,143076.15880045257,144426.5701561245,145942.4081817681,147549.4447471622,148673.82031763994,149303.62364675011,149334.6384675298,150649.06739933736,151013.4886737936,150534.1224215705,150911.02771968365,151006.51558036805,150948.23356920437,150645.11921413106
30360.0,41723.72165874238,51562.91132246812,60576.357361577626,68070.13439580676,74435.96054880369,80783.51261401302,85363.17608855719,89507.97056735781,93411.4910858868,95676.55517438892,98521.33664084807,100978.9329438348,103117.21425383847,105491.5323347429,106659.2581585507,107523.66494981403,108858.32258345814,109706.14435586141,110638.0003790926,110824.08730048877,111440.0161334305,112383.42320148254,112846.90066378233,113989.06017965294,114115.47754934263,113705.79025261241,113928.63471672559,113994.96568881048,113442.62486013582,113997.86266127916,114948.73361209901,114750.33108156404,115737.80246150299,115829.65888885528,116659.11627129735
30360.0,40757.0460883883,50077.233008821626,58227.02974096579,65335.03592255625,71542.48582305497,77018.39399733125,82426.24913951321,86089.14330711681,90116.97767514047,93324.60970414936,96645.20741218141,98993.71653741635,100715.16001214615,102192.25077067463,104031.27504027425,105735.1680048378,107394.1625918251,108139.50355308183,109188.10195552236,110208.08160501995,109823.12883719467,111071.8936492661,111874.92369099436,111822.10610333704,111581.22592343614,112364.17284474648,112881.27020034143,113161.6813771689,112714.00712007453,112868.31997196784,112976.56931052128,113563.23940429374,114098.476338367,114475.37700291089,114714.80916449372
30360.0,40593.85692530401,50163.34976982648,57870.0077698198,64863.45965849812,70930.48038298465,76519.74150343257,80692.1054111844,84862.49542304059,88752.93249304855,92349.54834731451,94289.10583165093,97002.86496593189,99438.99302645287,101559.33242677044,103105.060609708,104820.02944134618,106250.71789850025,106976.3561008953,108088.2135418463,108789.51467595984,109671.75260360543,110098.41353466669,110264.86873867814,111088.45066412294,112106.49693227567,112421.74651048727,112410.55562873595,113101.45119301806,113624.714386493,113351.000278553,113843.59629880982,114198.66150593136,113635.5134952093,113050.06284619702,113116.78571244405
30360.0,37931.93439527912,45158.76785367951,51139.751179342304,56449.10560527126,60958.9719228776,65298.53267131277,69058.97319088793,72338.00085608079,75211.84743896898,77565.78926619477,79223.35047351508,80386.8686703745,81718.03332934702,83006.42959237094,84201.48324227503,86068.0281335244,87347.80330361398,88473.14128002661,89282.58321481645,89624.8163899335,90994.6941460775,91092.48044603234,91354.7640867607,91996.69387715506,92588.66898904777,93185.30292093082,93085.7862519937,93198.56615373997,92594.12803437223,92867.16107754724,92896.44305193661,93127.51823998605,93014.12961811914,92914.36640975653,92786.15241059392
30360.0,40746.963033044776,50179.03850385986,58664.80147604822,66076.44769146456,72645.9765554365,77663.78823934004,82393.56503287038,87278.30261601444,91323.20652912532,95126.23385534983,98581.24073512894,101292.61394315869,104421.80498615679,107139.12711242127,108869.85932624587,110817.79120248542,112896.76595442477,114240.62186643707,115719.18918487476,117391.1423679873,118071.40406839667,119332.51407788915,120255.70880871972,121325.31204392723,121968.97625635669,122648.45957161266,122915.62147034441,123177.72415414367,122936.2972091243,123391.68497996127,123330.88510768091,124180.14528149222,123676.26209181861,124542.72500185801,124400.44104560032
