-24133.563867290388,-30490.101233556234,-32833.761551538,-35409.9515857496,-26978.250440637632,-20006.25388765455,-11896.778095478025,2757.949199173534,13026.63864206506,28333.13111533928,48610.607673503655,60234.47548966352,81755.7057677707,94994.58277386015,120078.15286809532,146466.80999519286,172345.87785333092,197727.35623252008,212349.7201200128,231164.33148338442,262711.2914636208,277422.33908793086,303358.76670670335,330608.7708657285,349979.0768466456,373430.0024757733,392959.80234214896,414758.41270326986,444298.39429202996,470767.0950767661,495462.6828514998,521021.6295524652,549556.4644692631,579061.1065031994,599669.7802183825,619360.1974521626
-21304.981021402098,-30084.303890755247,-36698.26927905581,-36674.93776861282,-29888.65348708017,-25682.106598408696,-23000.543128401827,-13243.018451539021,-2056.12338127313,1155.2054161004562,11656.97431844398,28050.368831913867,37295.32949561338,47343.12799394565,59932.19819199628,72549.87370440716,89491.63039666733,101727.93549324018,115298.32911199749,130997.37325942033,148953.6712777891,163175.74839140332,168025.52116958692,185585.0748275269,191933.82191416313,214315.49152831954,227571.56069765455,237808.53273014002,260350.89776488557,275472.9781363776,295647.94195334305,312671.1658512455,330193.3702519339,342295.92551453115,365501.10691492126,378259.1478084977
-20776.617782637375,-29512.0309582455,-31888.900346046605,-31463.879975194825,-27517.253935005232,-14117.293582183062,2450.661548324395,20014.070247875658,33261.10530442762,47066.09360377597,66293.98761262214,84350.8011369738,106139.06007472402,120551.03003196511,150398.06780585094,166362.98206707428,178880.3708727848,193821.5479816096,215322.37293190963,229002.256088053,249830.77661375178,269158.41853165766,288298.7162023973,304682.6901699008,329564.9939942556,354646.53935898776,382013.3270942972,407670.2004057407,424832.2172966101,449979.4461952823,463512.61227961653,483735.3931851895,505011.8050363689,519961.3624586516,533330.0857604002,544988.5890164168
-23476.297532506083,-31309.288591545504,-31539.084277926093,-31908.822184987665,-29673.49349867482,-16250.234532582697,317.88019811463164,14309.694246909145,23549.83239762741,39924.476743792504,53607.49154042834,64617.65337553536,82267.03220236626,90905.0165004102,102495.61776580614,116854.91787952256,138209.27545887243,146961.5817890048,165282.3648785528,182951.05411226873,201266.2916776385,227549.43678355453,250547.3604179803,272292.089380128,291731.0498747218,311404.98691316426,322093.7462744936,345433.48430919595,371744.5273550934,390874.08805389574,416760.5920721302,434510.61172920716,458775.9598475308,476161.77934434864,497372.89833761146,512927.58497637406
-25522.368865441043,-29045.740268884227,-29669.56821557291,-30917.44277201462,-23730.64281140914,-16755.834383686677,-4587.240477078805,1970.2661517996967,17737.763453644577,23511.95529460493,37905.057399897916,54059.51524383903,72413.43968459312,86725.69112214207,109694.97714117303,124385.4053811933,138881.68472340045,158780.02501752606,171501.84669002373,180995.00869603938,199475.30348715672,218718.08176693518,233773.04945811862,250982.20309533575,262293.13977880124,273603.80991319084,287790.39866361313,300331.3386922735,322697.588408376,344620.19280694285,366991.66833258583,380253.66414269875,395457.98154476867,415200.8104104745,439686.0798828071,450904.0166607398
-23503.682822275594,-27511.597605286923,-24900.9793186233,-21258.138222417852,-10652.506676463105,-766.9607947209151,9076.10252518962,25415.680406192216,40127.215197376165,62388.38482343129,78094.63361382758,97967.60445093727,128971.31449033944,156276.28887335747,189343.0092062144,216065.48522927787,235619.63492881856,262387.19279268757,279450.1749387214,303685.34976383985,324852.81247160916,364845.66407318506,402635.0520370342,435900.8973769842,457435.17365062685,489355.0991266749,519064.87884220784,542523.2907482596,564574.96344925,587086.9027468067,609188.7278844996,629259.1607543402,649721.9061776893,684768.9204685327,708697.9695360761,746472.4601769041
-22796.906745232198,-26860.380859809324,-31070.69679803707,-30642.216932515978,-27190.73595552639,-19045.68229882815,-16531.043267714384,-632.9331101050047,10546.927285790065,21627.965791945157,28843.364419439313,46139.03086374632,55265.29607837577,66523.60883797517,80471.30211123991,92940.91633135674,113520.47678484069,136001.02650260262,164198.19877055762,187531.66822990472,207417.31896131102,230707.57806814674,251112.7515633533,270961.53672205773,290033.7449593944,305410.3467905995,317692.85172244144,348116.8295133704,363710.8403193752,384838.21837533196,405229.2987354121,422792.2571835949,447640.5993067715,465580.35326273984,485326.310784097,503972.97948924976
-21511.417735671057,-33142.430939353806,-37250.148905549366,-36882.46458882099,-32096.96669534206,-22669.929810931368,-12020.73333940214,2039.1877806383272,16499.565278618225,27003.037232385504,38220.499419329564,54573.18898284539,70913.01523117052,88323.96609693438,105074.04324354373,114474.51567930948,130692.11464227294,153338.2433372614,173070.26450494825,189926.09747508945,200335.3141439375,213603.69336558314,229243.88399963567,248570.07501822727,257018.02257769587,280865.3922735898,298928.4981430399,317668.5839113528,339972.7193339417,365640.8362767601,384257.8647555731,398457.72786650073,419654.564440804,433480.90741604706,454724.8714167762,479991.16328837414
-24281.88060310438,-32833.2008905855,-36268.69294951856,-41717.17823906576,-45113.2851168625,-41890.925651399535,-37640.77786095085,-33292.56558095794,-25431.101580372822,-18452.327529724214,-7039.007115760622,592.5521357813632,6620.379144422041,12221.455759636134,16213.468066002002,25371.784959621284,37056.15495602696,51287.329400770686,55716.606891418356,68171.81873770183,79502.31581992275,86557.5700561709,101162.642315203,104892.2866053519,113582.3504744852,126992.78528263132,134937.2940171355,145004.92733960267,155518.6859368618,166191.9128111927,180284.97532951317,194200.73886731447,202343.96043654345,212548.83267978847,218375.90993837483,227433.63366532058
-23848.778994142063,-31064.590927892852,-28635.416217720922,-24848.679729532574,-10352.658770739727,2410.5422070048808,22905.52480642771,37746.972586747725,62849.89546148425,74917.74635778493,90807.32547275294,112948.64072109738,136762.99068807688,147225.94285931406,169124.56675383533,194187.96450653573,220160.9911704265,255399.81598587855,278257.0506623259,296219.3109246166,319548.624496939,359117.68158923363,377946.99161958916,406548.5630041455,440863.5515749258,472297.4301399266,512472.16499986174,543554.2511697342,579045.187944709,607215.6626131797,643197.9875843788,679587.534035015,707317.7958737911,743697.7660382913,773176.3835996275,792874.518172273
-20888.736798681406,-24350.597014908803,-25649.024823770407,-17648.671132835923,-9021.979848774587,1485.0066629554203,8091.668671230887,18657.155190824647,42166.82394915687,66266.63896230937,83706.26232810141,96669.94923597584,124564.8466652089,151204.92987718515,179395.34578524227,194263.1270840458,214159.12037797982,233760.6070397065,257742.31491146385,285856.1944103065,302736.745674024,324301.07659955486,345527.5975247732,367847.4011259026,405734.3701888972,436507.0106612147,468205.01474349597,491293.17382334557,523087.66834500356,555246.5619380057,592373.5326530891,624322.7872194648,659465.1799966329,684871.8544906542,721902.0057019711,756080.2089924399
-22112.803134514557,-31573.27795591142,-33571.19319970398,-37925.443299024366,-36992.6015772647,-34085.33504817825,-29891.566460495516,-23226.254967937668,-10385.152428566245,6685.134773805992,15937.22934228235,22081.182657266596,28603.596375995003,42301.93140053038,54909.83127992461,61259.48638525798,68011.34869179278,80134.93477497846,90477.53998215595,100479.44484706674,122396.03477775388,138375.83020667476,157210.30625867972,174826.70735847636,188148.27595300152,196390.50764040067,204324.4527111335,221681.4628788819,233189.57510635225,245180.6937334869,264392.924315144,278932.1303131875,298594.5616630055,307939.35990145156,325018.25743202923,338704.9838353738
-23563.959305767945,-28661.795962414144,-29881.741241867923,-26282.832086030714,-21615.70716175918,-6803.008672372074,5563.885090641663,15852.446646523895,28564.55922364531,40099.94753931614,50553.19267411913,67075.06435806857,82243.7567196451,106738.9163215076,125164.90145689344,135213.58218243474,154665.36742486263,170969.97026034415,200369.73763184488,229085.25632744626,245846.7614948352,265076.97111616144,289073.5153113565,322427.35521567275,342805.68790050776,363114.82184909633,388429.1330614789,409592.27381370286,437717.9963922877,457834.90504501114,481085.1291980356,503233.47304771276,533050.2146852601,562007.3421003356,591838.8200622621,613386.8464030367
-21401.70972580681,-30059.29510905897,-30910.863907730425,-33256.77625905175,-26290.48360174222,-13654.916801872023,4272.305011082426,10646.923921861671,21679.61006331879,39607.64578464109,58791.84450457133,68969.60675435496,79749.61461523491,98995.52125489574,124523.17467706894,148199.20952049625,167429.37907989623,192039.21235850846,209005.11117899904,224585.8969963257,234826.76644472143,259224.92254316737,286811.41315096285,313762.6672553102,337205.92592442763,354978.74777720054,373295.9067214623,389920.3629799609,411453.5783776193,423665.2045365205,436761.275072968,462852.90798492514,474737.2512132171,499062.1122768834,525346.4875591254,544712.5631501696
-21878.009111179446,-27497.37557020494,-30522.732199625694,-28761.236211472104,-24789.486221731655,-16234.113769720432,-7365.532255615159,2347.9761253129764,13995.569296657624,30102.792944293447,43540.07594803951,59775.64806388456,77862.21261389006,91842.1451928704,104051.4939505981,128790.90326335587,155638.55167263586,166238.25849463182,189460.32492485363,213165.89014336123,229169.95975722227,249829.65346031784,268128.31909787195,289300.17283946567,308535.5080731975,330011.5199943,341761.7196079248,358269.4975687886,380478.8243811574,392633.51261407544,412698.40120555396,433156.03579879843,451591.35054528277,475893.0649702075,495452.99131615215,513425.6993873137
-23506.14432396437,-27758.945079705605,-29904.452352672284,-31427.834637903914,-27984.421123323897,-22401.521948251204,-14976.768547470594,-1378.599656505874,10067.074473767396,26596.614780656295,36409.97198676305,51038.562480252804,65411.20699891911,72333.16592013123,84110.91291040757,94295.7757290107,111585.93987298662,128592.03223526943,141448.61302506574,164939.44754504052,184252.2309219313,199435.4017308461,225104.93896944754,243532.23312804493,262877.1981132913,282961.52337326674,305509.1231339324,323192.1623804129,349746.99966917466,373866.82660199446,397941.77689858625,416954.7878892881,434791.79157764063,460110.5966017875,474891.127675807,489011.4437837787
-21290.694235413357,-29290.132186942043,-34163.79825498773,-31207.19807072638,-31226.696964531213,-22156.53591298972,-10288.663437352647,-740.0215398592409,4958.290823071729,13842.368753400748,31854.1349363286,45182.52548054143,57244.41236143123,73505.8414833733,78387.26296810326,98847.31912900937,114248.81645925774,131425.43197192438,149003.0028189974,174746.76809038327,201371.14414850748,218066.55152992829,241577.13743825798,253500.02952235762,276483.18937548506,288072.6247990632,314121.7108638707,334209.31483156804,349594.78281835373,375480.4986822684,395560.1118841622,410975.5338792462,434081.3673808758,448352.71884036605,464754.5994113918,488781.95212143875
-22149.386211947334,-29083.57887724058,-32779.65307932035,-34126.85493665617,-26039.10510834337,-12304.507059779295,-1718.370949844175,4328.997591567953,19602.301914559226,31915.55435420689,41333.34789593991,51898.13474177585,64636.862842078,86429.14671052215,95758.86270500705,120157.89998662799,140095.80718830784,160809.02178872103,176641.9220086746,201280.60108089575,230396.73350679365,245519.98805010604,263629.75455611467,285908.98841447517,301417.43026257143,312350.4591477667,328796.98791362863,343114.0305836023,358783.1458357477,372182.7303694444,385256.90051824885,408593.99171847035,415864.48127749574,432687.4132938995,447972.9309845945,465915.4765231308
-23057.376334647197,-29961.77680903295,-27525.49122269128,-19477.524909472682,-10853.7600176208,8784.702060211166,29791.068226703028,55076.50490258341,77270.62865805259,99340.59242762184,127092.18073123023,151595.63032092358,172252.72945605556,201917.24739169425,225757.53051714489,246073.03848887281,275847.29786199343,309606.88301325473,342010.4036493498,360451.87094210734,389082.798726039,413992.4642002806,440447.54652512213,469645.99166150216,495385.1754140215,525050.1297354724,564314.1994095133,600393.3087011697,618181.104920658,651745.204552522,674067.2644786945,712781.723897965,754655.0505200773,794102.3704253598,819177.6994525428,864904.4775370822
-21455.989036824147,-29981.533408915966,-36440.48675853868,-40642.0221782402,-45536.17693170788,-43558.876328166916,-45666.7804112621,-39426.09027852531,-32329.75789357809,-26418.63467303985,-18956.883033271195,-14101.998378235352,-3643.8063311162186,4950.061795828398,9237.104443674383,15019.586089909208,23704.842365975033,38983.330574412736,52062.88648877145,68743.22420975834,77130.77063555564,84334.47234994803,92920.46473944672,103818.00115699245,116858.13047638339,129089.5059087307,143826.26625880643,146485.34980883606,154583.95792327268,166157.67828559363,176389.77478090598,186020.93016567646,197289.26763452392,205024.54665511416,213110.91601242713,222852.22566661166
-23869.639366482974,-31139.538125526255,-31980.733501966817,-30565.72072321231,-20867.42655738705,-6729.675540459793,-1142.282462536008,9170.373058892103,19397.489544600918,36357.31269885754,47226.48774850315,59027.499235394425,73953.78140293545,91206.92277922937,109550.93266515617,128280.99278384057,144190.71706806746,162154.56942574662,173271.1262757656,186925.86274240082,209445.87970194442,236137.612141514,255461.6742017708,271641.8642492292,296667.788546489,315083.16810086794,335361.99439075263,358398.46128100617,388106.8520735129,413786.71424817777,434472.15132681624,461287.72599634726,482008.55959913693,506610.0796116962,535263.5417715063,552828.4527827016
-21919.03056273824,-28327.179021628814,-31349.10743275188,-26371.40350026093,-17187.445614987155,-10670.571142588888,802.7933428623146,13869.150295990046,25513.68797803438,35427.71262252228,52932.855529283355,64293.99250967289,80225.18088706298,89205.05353135278,109290.531311847,124310.04178050712,143695.62027584945,157168.56765882953,183499.47119986115,206692.81806320342,221035.92974830317,237518.97004853716,260499.909902487,276454.8185348603,290888.2913561683,311548.599679961,336847.55264913605,349368.60460529436,370567.6610250359,390945.15473755216,409756.67640069016,426456.89593094867,443811.6916549388,459689.7414068909,478459.30314597493,496382.4259093698
-20340.0161926754,-26181.501470402553,-31889.28785002709,-31597.897397789573,-26107.162429155054,-21669.005787977723,-10640.668765437615,3217.4569804672283,11445.05980013252,23143.111094339394,37490.37661147703,54991.72127143984,65542.44878852504,76277.50336563514,85525.59464162624,102603.59246484897,125571.57327141683,135886.56966087208,158431.8509698682,184563.29049162447,199836.5183581753,216290.71990135714,244161.17961502558,263740.04536945024,275327.8756921611,290455.0820955741,305809.5814237619,325949.102231236,348395.0611626977,370323.92761056556,392384.8587384198,405044.63661341387,418776.25916096277,442752.80453663494,457438.7085635469,474978.9790946825
-20841.905326159023,-25248.17366049221,-28525.867574207034,-28936.407088563414,-28839.256772854096,-23536.98715676085,-13169.023905330148,2994.0975057839096,15502.753185166934,36271.58652206305,52894.97537052934,70887.77594054696,83788.05904907838,93381.01880270927,108796.86529659464,123504.93699643151,146940.2062299947,165044.49768049113,189889.3670483848,204644.62339033003,217349.4390351975,234689.11281713317,253567.46336635185,267722.4613025943,284530.12227608165,304124.5737642972,324323.7087745503,348658.8524547317,370800.543058939,395619.11477054475,410312.5522505392,430504.93252636644,448646.1921713738,457242.65802632406,485017.6612533619,507690.3295851013
-23174.070417614173,-32503.929894781388,-36198.38166646529,-36057.31730214357,-40577.518473449745,-39151.12732241564,-35692.74557060243,-30415.349700652347,-29470.1444480188,-21585.930561128887,-9011.202469323398,-28.754009856187622,10318.94253533471,20505.204532155258,32693.529392196964,45902.581655844006,54014.08653921889,67969.01456427743,75685.31145948786,88713.77589529219,95208.61085361321,109835.18307855011,124050.63133655173,135745.71617349904,152302.61281492567,161962.86050072787,166965.4298897261,181099.23475619452,193617.60157126354,206699.07900592277,214974.73507988075,227203.96791895427,241535.221599582,250898.23729135905,258744.2344175982,263386.5861161828
-22962.581247688606,-30929.69029510032,-32987.55570131561,-36462.70638791369,-31827.255397523855,-22611.698235546108,-8490.252018600171,3045.681324937039,10722.87087906339,19188.195189298152,29498.310497903913,46547.11981863455,61642.40352249152,71053.82819062806,88011.98243769414,103631.65698452758,121774.69538543347,139178.91047159152,153498.72349772166,166175.71381753753,183075.20269945974,196709.24415536993,207497.94999649434,220789.89415930927,228221.683384008,242669.34295163432,263589.3923921684,279288.4753346457,300405.8513100505,322041.76573333866,345383.3092590716,354712.0073178457,374921.1092456825,393118.06929677527,406723.2582111629,419485.8486695844
-20868.72446892024,-32126.36960542196,-34614.08184600269,-33478.05763065522,-28285.50555046957,-18243.624491572707,-5338.414609465748,3102.199424917082,8464.696908638929,19762.74016342702,37283.63275201383,49137.04172779361,65095.6421628977,83101.93676146978,96594.3512174555,117710.06021744249,144115.63295573439,157499.15497306478,169721.07616085408,183546.3037658466,197946.23371205846,208078.902926373,221028.88719465467,228053.88641887286,252840.40488551953,271577.3277515771,289575.74376337754,303720.2742357593,329719.7020226704,355972.1840817546,367755.5420481736,380371.71548506635,399124.0064473381,415571.56522548944,434498.5845898189,459890.3373960284
-24506.269092950213,-35067.96123080001,-40188.732505332875,-38552.335562961955,-38898.1704827642,-34097.85778530042,-27985.750330934963,-19404.048203418715,-10771.358897741993,3343.903040440513,18210.32263251429,30284.044939233492,42228.04130155428,50295.089143610785,58413.97530883815,69634.72153902228,83714.64586052319,90668.19039472625,96753.42894432868,115315.83167424423,128372.08935666301,137004.45539378474,146721.91872784012,164460.12155829766,176964.75834170438,195737.86256121268,208483.49724324027,219044.13340672053,241369.03319290286,261325.33586558752,270957.50666856713,287510.4191163019,295934.854313883,314831.548458321,329180.85303790256,340942.4522546384
-23383.480489677808,-29232.008199479656,-31638.019187334132,-35109.161038226106,-36171.636935856324,-32625.937063416575,-24626.91208649626,-12040.938884279552,-1271.809093915952,13092.504531460472,27275.874944896008,37646.965890018015,43945.25202723867,60376.13976252126,74073.54636200174,95139.25599242053,112384.2088204688,119435.08566751632,130373.13071761368,144563.47591891888,164574.35548792192,175620.44257696092,189895.89528378125,207632.13861343704,219897.282075194,229865.3654024604,243816.8121572124,262743.94311081374,272597.8622756788,286461.60213119246,303994.4356934778,316215.67672169977,334420.6353653353,339356.16068868,351072.22976531455,359242.4740344685
-21950.655989148712,-30838.786334403296,-33616.45739288981,-31481.63998230866,-22779.38467667697,-19755.57650855527,-14058.344478108338,993.3731029553746,14663.734825679509,30282.17346257098,41351.970751388726,57509.03517420056,73928.73035458126,83587.00176148237,103603.59058430746,113928.99287314653,126301.18209306168,151126.9705059646,171272.4426816034,183248.24474453877,203283.22131594835,215688.44687317495,231119.20490118006,242965.9664174157,260986.26256229513,272683.8630218854,286166.14865567896,312181.18074861524,326797.02974043554,345243.5423916618,360350.61367654626,370366.8582049388,389167.50023343274,395569.84383043717,411372.09235077765,428264.98807419825
-19828.884976664194,-30035.19027701285,-37378.21665852908,-42271.94650409422,-40294.90762499427,-39884.07605947061,-31666.25335510852,-26575.63616748678,-13757.200296225863,-2555.656781004778,7841.502287338859,22667.674318713267,39990.59081251213,52442.302262491015,59403.3220900003,71592.96192717663,78867.84074949202,89451.0198910695,107563.03583479772,119512.42523492662,128523.82415183922,142126.3671019083,157818.87701706478,179697.78327745598,202922.02167700283,211761.01566368793,220374.33951339388,230966.13719303446,250111.88803321397,258404.938924494,276671.7492319289,288851.9212854229,303810.32193235535,317813.24203533534,335998.29298130074,344047.5927839083
-23253.759874791547,-30558.969848892193,-29760.672837405058,-29643.389016527894,-22017.685488197334,-15494.376153921978,-1065.0951698966455,7921.323261207879,16904.735771958927,32377.654543928402,53423.782062813865,78451.69880940486,98217.10300999704,115800.92515595461,137460.66240340058,167225.0022008891,192144.15880220698,219244.8662004469,242711.34988029022,256533.28460604663,277826.6095892519,287545.220325535,309333.1748729344,324176.2813708728,352217.397731358,375351.7625328929,392491.1780736471,404635.7755035474,435463.27928045264,465029.94044725667,492054.0408943493,511323.76080708567,531127.3334701408,561577.8041946421,595669.0921280839,623428.1817946787
-20839.71999621921,-30828.732957225955,-35950.38282497772,-33190.039118727334,-27272.505456700805,-18204.660499003185,-4689.089608612485,4623.346115978944,14501.757017040814,27096.310603061327,42661.156367016534,59582.58494183951,78121.23136933718,89395.36847740063,98311.93003558104,115517.88302583792,132991.5076330437,153200.53453769645,161609.83467277774,186846.16054018243,207503.39214141638,221688.63127339468,243927.82617362734,269476.79067190614,290919.71600198565,312983.5481873525,324280.04384639114,348217.9704990032,372552.79011316184,401944.7182683142,425767.3264420099,445716.8388818563,461221.48943454155,488238.36042596353,514244.22349792096,535925.8988080504
-23957.52155790831,-30714.942626598575,-33291.59767033372,-30939.26698890925,-22770.965951453793,-17074.450343432793,-5554.124786075685,7580.777664543493,11856.288204404555,31474.146407131717,59246.82057668612,82849.71137964007,90995.53864536465,105790.2771787274,118466.15420102296,139771.76979151415,165937.73677418812,195077.77547598197,214161.69179188512,240694.75245488822,257332.11112799105,283331.20372093073,313486.87135784846,332600.3193895464,362204.7250959607,390123.1461711215,422857.86300145515,442765.3977626029,470104.69069510733,486023.03146772255,521766.62469370465,551039.9574073752,571258.815590527,597782.7326107062,627770.3073069743,648373.4854608307
-23963.68218565498,-32092.067542905344,-29883.267019280895,-24412.231768006277,-15261.90037312224,-691.9323658207795,13041.46892318764,23176.779567998223,37237.38473019462,52132.1722292545,66921.29652432176,85235.85124807195,101989.27024038581,123939.37130343508,139047.50078923567,159974.56648256397,179759.14260452037,199933.1768924289,222433.68980526357,242192.23438833922,267178.03497046663,287667.09919271624,310044.7760360808,340969.3673536208,368703.47955825843,403899.7423663298,421348.0822323077,443922.56703843543,458107.4882340536,480479.6553185774,495243.0445478779,519426.1191328798,539117.0928988408,554900.1555396896,565305.0087795553,596183.42204225
-23333.150636122038,-24695.623599066552,-21275.22738046095,-8023.691813915684,-256.533425422087,8231.690666608883,21476.283232667913,42934.0963207205,58612.38458550814,87553.11117720994,117268.32668963975,148588.61033021292,178958.551052944,205887.38909120322,239442.32901434845,275318.4963679675,293290.8218098718,330269.07907138113,370542.2100947581,406064.1758433416,435557.4111068483,470363.81749542634,487442.60204364,528872.8732514865,551665.1732419204,595023.1807385036,615639.1421785617,643456.3444917665,672128.2002611007,711202.4660139782,754950.9798402435,786195.0850029853,819880.9907989225,852510.9225055338,897535.8306496252,928971.8299524083
-20843.53974722803,-27444.64473002866,-27537.398926866263,-23081.20294122841,-19389.663426598272,-9064.283600627634,9664.668680403687,22806.626537190445,28322.399721428737,34247.14427209436,47508.12356701426,57249.88716996783,69460.15318179714,92806.71857321972,112072.9562937745,132713.4401759145,148578.88514353783,162836.42426885315,188080.5054197368,203449.4479072529,220746.72601833122,231465.17290220794,252276.70275604597,273320.24514033046,290701.64769232017,299579.3258544053,309010.5082914252,334370.7456406196,357779.7161210917,382656.73775216396,397321.78613684967,409789.86914986966,421621.76743890246,450667.46733950754,474790.23670143815,503253.9829657045
-21077.412401162524,-27069.05646518206,-32809.93013987929,-35971.040324780464,-30731.319112015124,-29974.571728333707,-20445.92266273518,-6408.0910108599055,-249.14242594878306,13954.794042503534,21989.168117616267,32808.31163796884,50454.35687080551,62490.427884847086,79108.91785262806,91252.92249358776,106805.98789530621,118384.78264356485,131458.85976762645,148395.61783190936,167677.93440371388,178225.54944287875,199057.53102948656,207965.56570720382,228249.0085176585,242270.76562184858,264182.7207747565,275557.9135308521,291409.8449247653,300954.72545928933,321299.86994745146,333760.75332852756,343771.1902635799,364579.0986522713,390645.2162752509,407441.5049148018
-22463.822698212476,-31584.655317368968,-38748.7860518824,-34448.66128039319,-31239.933364346834,-25118.17429985152,-18446.237779515963,-3871.7129329409727,4948.37045448619,15064.07409862047,38034.18060472703,49222.85159916194,70026.12830239101,83692.38119853694,97671.75960339878,116010.38191691283,138379.7239420511,150595.05711740005,163999.85555334465,186602.5176417324,202218.96666026156,214472.09993527475,239880.70222921285,255555.31234455132,268832.0821305089,286344.10241492116,301745.03137712425,332762.139097269,352139.721746024,379628.2776743035,404495.6477585158,422412.3879533674,438305.32081126183,467277.5954349538,494390.97128869616,523293.8268806546
-23308.2542347977,-29649.286762520096,-28504.030213379097,-24935.089120788572,-11617.467361790652,-2458.409418641735,7170.780123033881,26667.08557388348,38018.72301785411,57883.73732377459,74078.0346292866,96718.09399802476,115102.83518360049,146147.58794084296,169107.44602458508,195300.62916335475,221864.6673339741,251977.519402533,292855.1231884941,313909.6371570715,344495.47818514996,375213.0687814039,420089.5254344879,454178.02584600064,478169.99254170305,497538.7167609293,516664.51677336276,549697.1997063636,588273.2022733074,613205.4994053537,651938.6551705953,692185.3109155765,728392.9437422294,756061.0319457322,774798.2057950313,807114.5053027874
-21792.837072680733,-26938.272817904188,-30778.97870998596,-23860.272231566,-12118.635673660305,2041.5836355990104,10422.985877146282,30520.717263115694,42893.87764881335,60624.919517400565,80915.578910421,90412.3567752442,104475.95765514519,119590.569626348,140490.0372969978,166118.38140271493,187157.97395539298,207983.47691536814,238014.47930657986,263475.63906636793,282865.7412002533,308991.3585164156,336365.72900330997,359342.13563115726,374628.40516255767,393957.763953235,415884.9176471566,444873.99484060536,477191.94292418147,501444.2861296291,534182.1838473983,566090.981213782,591806.1192592941,608308.2752104201,647236.8264632715,679382.6874667841
-21016.723976606692,-26668.931327214763,-24580.82230759294,-21084.489679337676,-14153.902822657234,-2759.2934319268315,8365.949463291872,21700.76865452606,39648.417852113904,49393.68400674972,58220.678980525765,75786.50293507689,90109.458007104,112182.8684115054,122330.40822015516,147919.93990432628,164514.87484846407,190760.01624060707,220313.50192887773,243758.58099277277,273153.37218344415,302385.21475674585,318864.5423249471,341995.94794474094,352513.3011585321,376657.6779347807,403896.3130251681,437082.2957711207,455566.5990122564,475643.68911131757,494265.09509030974,516650.5090448988,545065.8984708166,575855.150221227,608391.4054023247,626458.6374686494
-24061.631101066378,-34082.295155322936,-38159.27048032399,-41553.29222376332,-43903.75241065373,-40440.487310333694,-35575.13639032897,-31524.09608167933,-25610.944689403615,-15562.431660644848,-8039.195119633347,-2672.4957165800224,12120.67458588013,26151.651400296556,37562.60291531611,54921.79708145281,69758.78435090207,87960.44959337586,99548.90500305682,108206.30210059472,118375.55709391087,132856.32032451645,151435.08990947413,168539.22405666884,185323.03995737422,197751.60336821407,218020.18716048938,227484.04354616546,245625.17920624898,250254.08835173637,261264.16682849516,278568.5023185185,297231.6285283252,315272.1155768024,324060.1736261883,333652.02888493583
-24445.264324265117,-31666.908710075586,-29738.97439107889,-24643.046023051415,-14547.82096626189,-1722.1255528290349,3158.6790251998173,13683.246181563081,25526.148123429695,42392.13851520819,61306.29282663233,75835.34740186461,88770.8828195709,109983.765281036,121547.72439997045,139994.99980654928,151510.79777213663,174520.12080017856,198153.71679320378,213440.02487247853,224323.84443299886,235578.38145558687,250586.65346962464,270070.65588266565,290916.1223460586,311275.65148719074,338002.0353137578,360613.2756254456,386305.2666743531,401610.19391575066,421084.9487077282,443298.695052591,461033.537786601,472153.8346584788,486674.6159816255,505116.6524831853
-21771.63940264511,-27111.875269110285,-28374.778380443568,-28963.57991496576,-23852.504289818833,-17224.804450672025,-8330.864729649089,11088.346755216153,31193.429243162253,52446.023458176125,67548.7766707984,82510.80402720901,93511.08088246564,119850.80866133947,149648.29416789179,165442.66078380687,199811.9612026533,228067.57746619236,253986.59072483913,268747.43073207024,297093.08087239356,331407.833534359,359087.64026643586,383803.69313236757,405279.3774080178,431773.16184762673,460527.19384875125,480263.9664786672,508712.1221513853,531570.6825304355,554845.8131043025,582876.0824925818,619557.3853510059,646958.0744196625,681514.0865866705,704908.3728717043
-22767.99015587567,-25360.563433742733,-23639.238513531724,-24491.656697502513,-18908.229452769716,-13467.461148131777,5570.445278832536,22112.14126135523,35322.82937817647,57598.35992931137,77354.84506128952,93516.7702007384,115698.63792257811,135361.8636306026,154525.7486520683,179318.28499737429,212136.43400018173,231862.38514134104,255036.2447989871,283044.5787760734,317716.6021552368,337798.03716405027,366987.9983582595,394479.10374381894,430895.5946869493,451044.6225341271,476489.83407638,504371.08515974187,526000.2322793951,555691.3215297118,591061.5641879103,613615.0458606608,641178.9034360214,676314.7747091602,701408.4253534004,735033.7969301058
-21793.04759593644,-30675.578628694602,-32699.499261927376,-32657.848285838547,-31568.746876611804,-18257.444771021568,-12552.148658271668,-2842.7457389319534,7372.074460409225,26445.109562627862,36698.01557751939,60768.5195477101,78831.08620603499,97605.98184827968,111712.85055065007,125105.70281217078,139089.72942147273,159074.94353060448,180306.9991527276,198369.6383848568,223414.36888028626,243606.01925165538,259712.58081308764,280105.04169159534,308846.5333621867,331757.2797178284,361108.8726670108,376847.1273730062,398737.2917879823,415709.50286150275,439760.78209351236,457847.5464952247,472531.27326078573,499854.2397821399,532092.4015615125,553880.7964670991
-22189.22547579465,-28288.20298312493,-31848.469442306392,-32021.247138023675,-25863.049682877543,-17526.603022385934,-6348.274724102033,7389.573588285035,15196.17847498184,33833.79383151532,51920.053014212644,61520.72167819521,82262.13352502519,107262.77919564318,130625.11318513293,147200.61628968606,165608.70286531904,189839.67411560338,214398.50219155962,226000.80878242283,241077.05473384436,268342.1731558747,289762.60882181337,316750.285695598,343484.8621172668,363101.0727110801,380023.9225684158,392575.9388174226,422409.8628355829,451794.9629226454,471108.4994567203,490315.77345468506,510117.69227211387,540867.5259306396,565115.4198810523,591147.7136817717
-20548.967645385026,-24750.57430049254,-27643.216560413348,-22459.24500192605,-21443.836176057615,-11536.398428812085,-1678.3807554444502,4333.315638875065,18459.2459245559,30480.95106957655,38922.853325889315,53255.34329343034,66249.87891032938,87378.00789027837,96012.55918688195,112998.77485625507,126935.45302400607,148945.43806662544,172062.31355325272,201006.0567047097,230863.91249463597,254546.59731269162,280493.20744179713,298442.1910718378,329619.3849320819,347642.66317907214,367722.9426382301,398008.5001023031,416906.12095224264,438274.8025104448,466155.8289385878,492629.9288905353,520174.79466020025,536155.6718441753,567535.8293386406,597405.6699218801
-24307.23251576659,-29339.61794630505,-26864.75174110777,-16901.945413427573,-6636.049045826563,240.35403856643097,20358.459061629095,31598.260555987014,52460.082702585496,67315.41276020408,88935.44526539264,108217.41221682807,122751.05031418533,143556.7343591645,162254.2325661805,193889.65253347508,215385.15238225198,237858.5248992805,253563.77492854552,281443.94282808865,312640.0348133134,340713.12076000776,364394.8915411427,383877.6942444971,405441.22324260866,427129.47196764324,451783.0339852053,475877.56777239684,498958.79786969,533948.363760212,554430.8654476947,584366.2812272478,621078.3678186969,645853.4229392468,682418.9906666611,694111.8357742104
-22461.773494726498,-31448.20985500297,-32495.479757986635,-34066.26477712491,-25631.349633011152,-15383.507824689725,-7295.423246416372,4670.91741651942,18748.592578238924,33935.06866846052,43658.33045429687,63467.95689874227,86992.04037524706,105078.19562801327,118893.43685355649,138987.55418822108,151122.98369502844,164352.0999597154,177148.06291078177,189867.44316471316,202352.69239700132,217190.97549648135,242295.774202427,259375.21380263014,284507.0078965509,304157.27886770194,327504.1255004184,347713.60993278096,370797.7853867655,379287.2734025568,391866.0397445037,403255.93555361085,415537.7693925707,437526.26863094146,456294.573417841,466422.67939441116
-24000.251040974377,-33850.5531727704,-35827.63695287559,-33690.51695553879,-29819.383164876846,-25444.0267821863,-9729.006706104527,-7789.802146014321,6195.2322184403165,18257.775052298515,33041.28130675694,46308.39856168456,58166.78233905241,70873.0844454485,88962.83194345639,106420.27567809883,124063.63433063656,137987.9110487444,156624.31396054596,167096.28311004373,188076.40201245513,208001.8284207259,226991.7898793333,248073.5536342427,263007.4786837921,286272.62708451704,301865.02345952624,321764.3278159475,339922.45357887144,357672.49781107204,380907.4859432634,411779.1522685193,428122.0083090565,442771.41528940515,472646.9657199758,492734.39622998686
-22280.92946980278,-23893.377211215688,-20173.072788329817,-6841.090101467795,2153.0553372393624,7763.737650004434,29532.73677437447,52240.566770800346,75704.61859505138,92533.92762553139,118918.93293474849,152482.3697248742,175689.80485063506,201180.1438040529,230732.6068229212,256269.4914986072,292969.029477141,332903.31809860095,358470.6285023653,381120.9489796142,408115.78941806784,435532.5708522565,474641.28421608935,507414.2380212175,542228.2960515675,573056.6184397207,606610.8310835345,630520.6651703136,660921.2829865679,699780.0183384179,733463.3934546241,770901.7773468033,807359.6829906274,849366.2624989293,877757.3632592476,897488.0964019124
-23577.046992912066,-28730.007098357295,-27219.832500738812,-26134.748231471924,-26532.874952710932,-15502.442423706088,-6140.230896911722,1520.7487182517143,9737.70838274531,17818.743309700054,35765.613431542275,49275.32463109833,67551.46696899287,71852.49682651322,90387.21965892,107162.10357635951,121107.73203387718,138666.9587726164,160995.77023197847,182053.71517646042,203769.6987476195,227719.42617482116,244306.37163371328,255687.39820410882,271469.9078609324,296749.08172660833,311308.2312523527,324012.61888583016,346116.61182477244,375335.8660541738,389737.64251133695,407411.04322587023,430117.7641443307,449560.7776917583,471455.00073463685,484658.0608104164
-21545.68678075115,-30626.534921864477,-35161.7862086844,-37378.91236137655,-33139.172025078864,-22591.01933646005,-11839.067797367337,1593.096605760271,15654.522157972075,26937.613952157488,40476.30559188722,51025.233076057506,61816.47301394739,73944.21285215102,89638.37749335842,104106.4058445242,118128.29464407662,128602.0729065131,138377.9157973142,149102.859472269,161273.72187938442,172153.4920108589,190736.48077034432,206287.64727429912,223887.30114844727,243626.3853496853,256317.97543225484,274380.85958021384,296496.2457857635,316416.96613260725,333788.8053172559,349984.1484638715,371294.0881620361,382930.2539121739,401788.6668286666,416644.3669250257
-23494.845256219167,-28990.402904249226,-28358.648963144682,-29173.979041481667,-20689.552800058955,-8911.956614178125,-1566.2318400390504,7550.033499427431,27519.955242786615,41545.46696018835,60794.83483055841,70008.81130920601,92583.12175892475,117063.81894758072,124272.60632434732,144723.7940911234,166065.62565748108,181174.59073674396,202500.07965649414,231206.57417680125,249651.3323364457,266429.17181559815,288225.4462363712,313082.9683976141,333348.8621126502,350846.0783221598,365820.916539158,389213.8927038964,422325.524864232,457326.3007262621,479622.7714162837,505701.6256895087,530587.200862621,545524.2047808996,576336.3297046109,605390.1803349447
-22803.372861540753,-28611.53398150677,-26942.35165589003,-18357.55745372903,-12004.047899438323,-4063.260675372243,14432.459787999389,30832.05716493792,50912.258922408604,69644.05694849699,83938.30947292774,93535.2242928156,118158.01591834375,146321.3228280094,169653.72375044494,190812.81506953185,224768.71116494533,260969.69538851336,278678.34978612757,312226.2845997462,347804.4475895539,378150.2782973905,406360.717677375,426420.7781963351,452466.9890809717,490614.27126640326,521223.09268318943,542923.627924137,564120.8109456294,604229.7857360679,623473.9844406385,647029.9989146559,677792.02585704,704045.9443704565,725277.8268121264,759697.24066707
-23312.949472824082,-30070.244884161446,-32604.584165534114,-35956.54533438835,-29086.48342655922,-27053.48383855359,-22304.570257239408,-10667.70689806035,-344.2935096543224,11321.596009868255,25438.704977828354,36756.43190701427,52844.74583114759,59168.204266797984,67225.14813503998,83726.11226861767,104185.19744486177,128372.90290045826,140203.10054412374,161819.90688182265,183022.257838312,196770.66939198307,209977.8952834432,226507.61383163795,243917.5058660731,261724.3412325536,279989.3236150307,297939.63481754024,313686.2343425164,329318.4365442295,342378.80218639446,355935.84850680915,370946.4647624998,387467.8784931576,403874.4323470957,421817.2198794016
-23180.626864161997,-31773.23661336852,-30794.051609777685,-32419.574023661567,-24623.19000572501,-20075.99944297418,-10140.034087387678,162.1811687080699,7366.637646586845,20929.419515084337,30542.40552071087,45534.45102376803,62221.56446853112,79490.779645976,99527.7272303938,107422.91067548467,118904.55850995914,130096.43777162765,149396.2648223946,160153.81637396148,172278.49383480134,186448.92899502156,202138.23709806832,218881.46670428116,228344.97593681663,238968.59275903238,263600.64268431696,286180.11569970055,298971.1978040623,320115.1706526528,343860.9304320035,360836.92615737487,373452.7650543249,388374.3178338498,411893.862333228,433964.11395257246
-23167.422615201125,-30192.911427998566,-32244.159899252933,-29204.1263436242,-24909.092974398423,-22990.3084473314,-14122.017781449635,-4522.267334146374,10136.67268019748,19505.77441399698,30593.7757447321,42318.68302515589,51570.173880495066,67710.84229208433,86406.52577332595,96754.44711862106,116094.3538537109,125333.78330644725,140338.06333354727,156122.83549472076,182176.44464692715,202566.25729639348,214359.7339730204,231621.0296771307,244458.6891198845,256099.88527701082,281558.5350388314,304101.8924257401,330337.38094329677,352347.61470763054,370769.7910190926,389802.6633852519,413182.83682522905,440082.44826806546,457881.343005585,483855.16002715187
-20124.68060340926,-26077.46621687067,-23624.496981392185,-22782.02138813513,-20758.219000406294,-18619.063841930554,-1630.6974632878628,17776.798644785908,32002.8700581151,47192.69335187591,55655.18938322363,81834.68086204826,104965.57406779144,123189.42474194174,141604.32132225716,160352.32140513862,180856.5324651128,206132.2819483988,233024.99403870455,247529.12190257155,275562.71019372495,307038.722673098,334530.4663728012,353472.40839029866,377167.7177248898,407145.69842806045,427060.8210119134,453969.53667577,476440.09259086306,496570.33369790553,522938.5993218869,554188.664544807,584372.7637205078,600634.4208543113,618841.1667902654,638045.7211383057
-23923.33598007144,-31657.702841607243,-32337.29356647141,-23449.33795240723,-13542.216711496549,5011.227832520155,15132.43674055754,32173.14248984302,50412.46727389667,73057.0010629872,96481.15224060208,118008.05402229408,142365.1442283201,161651.14464761925,181425.3480403183,206907.06419864975,246891.14598071034,274984.6242727871,311526.86431110854,331723.97031338164,373914.14230040915,419285.97996879095,452959.73339494376,477015.2865074021,526265.8738878723,576591.9253490168,606690.3939489382,626061.9533538879,664484.7267784814,703929.3414610042,738899.0363784566,784637.5941639363,822315.6383316491,866208.2232126346,903932.6515788302,941050.3601666758
-21047.15243282511,-30036.213614651715,-30379.748383658574,-32378.488587396874,-24959.580540672032,-22398.857387875163,-14260.308435560939,-2720.8258601966154,371.99304868901527,13949.987324321228,31920.676475982378,42590.88772085249,56275.864926415314,65621.26838145431,77560.84299028928,85953.99564680715,95482.67774609252,112801.04302259664,132982.18811822886,145913.25876096202,165076.1411373216,182906.65646243063,204018.86476976008,222751.7558434399,244044.18609399348,268541.00081124983,288136.13411116274,310755.0552615433,319648.9104162364,332010.640824267,348739.428043469,360940.54239747673,369903.5369091911,392518.199379163,406487.13599727396,426981.2802046098
-23733.17784743425,-32757.875706155028,-38003.38116753076,-39910.484421699606,-43561.81973125512,-45003.178679751225,-38985.65113031995,-29255.425048595076,-23040.99003202073,-10595.664859755314,4998.462484692136,18604.8014461579,31094.615436966356,46583.45063148528,61521.202910958775,69879.17201392009,79388.08566834834,97609.48687021245,119128.70238460414,137028.07390406082,149733.25322550721,167947.83570473082,178004.2755738568,190709.86953021865,209088.44125422573,221023.9358758838,234145.07490037073,246528.71115955792,261034.9426414133,271740.66957794677,288368.01220270665,305998.148036397,324426.4947223771,335488.0558284661,355109.0018067091,363747.0881679596
-21410.505876163763,-29587.204054033973,-28979.33626107705,-22116.943703905854,-18962.57970230434,-8379.558575375006,12.267958242970053,6014.078161969694,26806.64100214347,45567.8281409936,62984.758867649914,85084.8225926487,107024.57218725169,115728.25653681296,131581.54626642476,154191.42527691153,173384.7734954677,197422.19837926733,214253.95467557354,235024.54846770657,248519.97783272964,279042.0836008368,305059.6611301852,327238.2142249878,357385.45331040194,378320.0222809495,410813.47148278815,430093.234646158,452161.81463441625,477777.4295490705,494814.1063372898,519662.4093772053,542258.20046611,559607.6545930231,576374.6815783168,601679.9116888808
-21771.35197146445,-28884.516621272574,-29683.745578298396,-22770.931208048918,-21943.710768477336,-15596.54561134069,-7237.440126565176,7820.054461646418,17960.519051256633,32642.744505082854,52431.95439989556,63099.44414493354,76545.22804496171,86795.10489607134,104780.28272968708,119063.76733441673,143746.5730084788,167714.0506030847,185877.68503142198,199344.9196831323,222883.27668471966,236438.23918303105,259471.9565725941,276646.5285272213,293035.6635988602,313048.44209375535,334260.07049346744,350956.6249390653,369464.26075524784,384157.8481820304,400250.56796512636,408748.1845892003,419692.97577865917,431630.66014601337,445214.2483586878,462904.0139362302
-23143.75127732825,-34740.03716482866,-42131.53617541665,-46372.25966151187,-48677.979234601786,-48569.13131050274,-51342.40174765782,-45318.63717268422,-39076.76567921189,-36993.44283021541,-28661.22953879329,-26847.57891656059,-13997.448813982483,-7941.342022004443,-3744.164023536585,4620.954355101523,16853.12579892612,33475.67418955728,41544.578451899375,47629.72530159551,59223.79458295634,67569.63585990948,78281.94758070995,88806.45942136266,97062.64882246176,104711.59971874407,108928.23537461362,118302.44297799331,130961.14142909487,144444.7127236025,149770.92594301762,155581.03513238876,166647.78475083897,171106.68073398696,180002.554718867,183217.1796470281
-21203.6617251312,-28966.198425413706,-32392.171936478793,-32383.904774217903,-36071.26915180471,-36075.650960818675,-30874.497099791835,-20290.09856933848,-8818.576738070216,3016.9825699142093,11286.370135993653,20133.327544189786,34455.198033371795,44350.997767426365,52950.31985956049,68416.17845267722,88007.74991901036,103382.86206018386,113418.11456557944,129341.39597183107,151208.2455498611,160133.9666173565,181116.18689089216,198476.87395967764,211960.4718923992,229173.55097017068,252799.46316845604,263937.0990446356,278638.3277761566,291509.7981950168,315884.23820108443,331342.5741758301,346635.5685082971,365224.51386264665,381095.61850310914,393035.06574371684
-23459.26710684281,-33222.53420329889,-38330.71458623303,-38092.99290856927,-36945.815303182244,-36136.603218516175,-27778.213814394738,-19174.14332491033,-11484.456327678294,4882.36922755916,14288.182031346645,19467.66268620004,23969.05376212974,30105.490472264806,39737.233055424294,55983.76697908502,72131.7589384229,88810.72737846142,95374.0544987088,108975.40428929613,121547.62407283006,135875.9825266251,151103.95788778545,163424.15161883552,172960.14701057837,186163.1668688772,195977.82999260366,213830.15405617974,223371.42789648473,246897.23661696026,259614.31612319505,271230.13703476003,289427.6645876099,305036.61091463093,313006.8039794654,330698.53080093436
-20769.576440614183,-26217.74954799656,-29660.287653671912,-30252.715309407853,-25838.554612243795,-15574.904277626221,-3879.888486881522,5341.94171348738,21799.632181431865,36035.64072287199,51110.28803291569,64119.90641356801,74421.62682738046,91048.08391577091,102155.2010528446,115972.7981259503,136502.17207616364,155463.8806047408,174582.89923815848,195086.39087064983,222068.46966650407,242672.26976707694,262683.8546664173,282195.72175863443,302725.31672339904,325835.82715531485,338873.4173034639,355864.2302148737,366139.6617622436,378162.365013057,394243.3181746791,412039.3469243275,435338.47698025464,449023.5077172478,473100.307171474,496519.176145555
-23070.70932123337,-27980.97948874055,-33144.66841977679,-32965.17205120276,-28049.56981290626,-11106.10390288828,-137.7409306729387,11346.922268963375,27362.670122004172,37087.79238508693,57529.64020301301,68509.11874529246,84883.11048866203,107098.97432196255,122381.22144008634,145036.62100271732,157489.72246622643,176950.87967656145,198431.72785164032,225916.52073166316,251507.15077401465,270454.8082879067,287403.6245990721,304517.48378680204,322366.1128147241,344035.52835790097,365778.182522235,396847.8310917048,409144.47890584136,422521.17215608805,451664.2463053497,460847.5301384818,487520.0619343098,507522.0772269068,535573.777940503,550706.2866404662
-21025.640814913124,-30724.57872222572,-32999.90723292754,-31285.908012126703,-28683.12433794587,-15357.024393721105,-6750.5251032218075,4009.7101475286763,14098.820661266465,24039.660846068786,42733.62593159264,51361.31978267769,60670.328838249174,79785.50231559508,99753.53788288472,119444.91941216924,141599.62680196637,169027.2383369838,188865.7642767491,207085.69330285845,222728.4721083116,242483.1897297735,259675.32508120593,275037.6036128567,293891.94637870905,299167.9563379904,320102.1902200399,334399.66490340105,357803.9440906982,379959.3919959119,399461.63167340413,415929.16694515187,427849.92605743423,442722.6364361841,453976.1782298544,475049.9434192273
-24605.489269088,-32494.554083095718,-33589.19219952847,-34526.36236031725,-24301.456322790982,-18866.480151188938,-14196.822562395624,-11777.647978445078,-7081.149411398772,3095.563853416432,21562.649493879828,41295.44483793284,63827.81908506948,80002.17216820456,90784.47262264186,108534.57337928472,127085.46202059275,147733.52176588483,160699.54032613765,180083.17634455557,193267.45505855864,201496.31902149436,225514.2546112456,243802.96703615898,272048.9844857828,288812.0225546093,302525.0836281477,322336.6813851956,335819.9168941693,357729.8613254367,376460.8891538837,402062.4118057267,417652.67186012754,431883.18072013155,453941.27480438596,474131.89271067944
-22441.001279570657,-27565.58101758425,-33760.90560626485,-30319.630914710047,-21468.619595290656,-20190.145673394203,-4129.343136341442,3132.1877918949176,14600.155515243183,34063.10651993133,54005.556731552526,73677.97666765576,81919.46384392689,99639.28357570354,120864.64653570263,134683.68675177847,156515.8726643946,176983.6028246698,188918.6726914692,210645.47083146864,232938.64030620386,257918.0495646853,286116.6975892348,309193.5325104558,329636.65906061,356179.8171150442,371515.3450133617,396026.72981762385,419123.2670148798,439392.2227230663,446854.35658257856,472973.54520884913,487411.71972270194,510257.4075348574,531543.1569094129,545827.4169579751
-23363.530679762756,-27760.202395523716,-32461.708750628415,-34076.317165774846,-34423.25829893896,-31246.285001049167,-26023.73983752483,-16633.559108766785,-12646.144179430019,-5678.635162902996,7025.782430915351,23157.54495386184,38636.59763835216,45732.04585905631,66158.69741344897,75578.76614020368,85628.71341506648,108307.57709729514,130976.7633680867,157225.41357193788,167665.2488539157,187564.37201898324,206591.31043733406,223918.55494832093,251634.46819329038,263794.1834190831,286358.52617979504,305698.23693120084,328046.0135661969,338483.350034029,356035.2565778306,370501.26454610185,387853.2939832901,403694.9695530913,416548.88861037267,438097.7060562186
-20582.70078349604,-28740.3767224938,-30200.24582924033,-31534.635728684792,-30378.853740380386,-23768.11670187956,-19132.427058420137,-10170.01065854761,-5978.429043533375,1930.097384569097,16716.189316561264,27146.71840021594,38533.84990474629,58038.975754916355,77208.5686813202,87749.05388767106,100014.16379343471,120800.96738928894,135459.6106278561,143221.45549224108,154754.64368654095,172501.17395067908,191822.16722886788,213785.07483204867,226433.67768695482,241836.9640901895,260236.71833672514,282781.52405758895,302334.5122894065,319579.93189878354,340721.94825485355,367522.6099594493,383996.4932255557,407225.0963548662,430568.30315213825,449793.4123464071
-23976.72919036752,-30645.52156597888,-28908.546287532132,-31049.516801247388,-28115.93452343729,-17200.032062230566,-3095.7299474444517,4959.451841612208,12668.466715026698,30902.844069558858,45647.77330179659,60123.922179522335,69904.75706124154,89328.88073634713,98844.02587210752,117803.41795319998,133213.99071145337,151870.47025595154,167263.97129246453,186794.0828507575,204847.85522713632,218387.13698754547,232820.1615104123,254081.43938917684,271290.3931123223,285982.2481733745,308246.22231701383,320402.6754685609,333798.6226755966,343289.2441710817,359481.7999678107,375022.9030010422,396458.8333596897,422843.1026744191,434336.89715429576,450581.2625136071
-21662.12254594898,-26121.568969606684,-28661.464964095474,-26241.6227122512,-17826.079952870226,-8254.99941005979,7352.6861837491815,24884.767169693157,31601.426486648423,40735.9758551919,55947.22828195101,80236.68786931352,95832.09295183304,123233.79047383752,151455.1291183725,170720.05118170864,202901.74026134296,231526.13453666028,259247.05083614448,281887.078276888,301837.05221912725,333232.36798395985,343733.42643002165,368289.48960812506,384261.38562785083,417131.4780251554,438297.4753470626,468823.81202667265,493728.02282766055,513173.7580359544,537080.3948029304,566473.932591756,589519.6101324352,623061.3888037262,644287.4462907296,672666.9514707769
-22339.09400722405,-30080.369596982884,-32463.42530895705,-31758.346489247626,-25175.797675067035,-20162.49926662068,-5760.916103012729,3855.7434335727303,16642.0389709008,33185.54653026145,50836.870151806885,63262.029439064354,72371.2322743336,86132.52900016718,101555.59135878301,109928.63781407257,126639.38634538463,142506.1868640798,154271.03785683334,167783.13121927186,176816.94063050507,199537.95541328873,213147.86350332497,223407.72837262615,247560.76966326294,259340.78554426413,274626.5474172403,287045.64049468737,298568.51783376845,323302.05402159225,332209.5468197017,353277.19171315624,370814.1187917101,385937.2627979632,413038.63706515817,441431.31286996603
-22277.6459203088,-26368.652443401952,-26405.83355162279,-27024.53835201534,-17515.803647043518,-3552.984276884643,2568.642699502787,20323.595495451766,33305.578515429355,56249.14344190415,84554.8862608726,97177.89508255446,111320.77908403249,128355.41188870135,144919.70193917595,162199.2241836032,180197.4760528776,199369.06802455802,213701.6692953002,240080.59996157684,258694.64737283014,283378.82922578446,301065.12704320776,330444.5253217883,361030.96138786647,379174.60054258665,398360.3363297818,428478.6628934113,458480.6406755508,477327.76416241325,494248.1184278907,507486.909439092,543527.9456654174,574146.0004635851,604086.792931851,630197.5865403955
-21536.09126445347,-30805.045537610356,-31845.641797882992,-30363.887478693854,-32119.946922701936,-25934.004208528342,-20506.458493888393,-10300.743884681666,163.25967649988888,8630.390913142808,15231.689229760785,27381.423703750872,45797.45369130619,64457.130218022925,80132.93170880772,86907.83456184919,98870.60812255304,116367.00478249975,130149.68828858563,149276.43539067474,164448.3635448905,177807.69766264816,192564.9345056272,214440.59377985686,231048.570546036,248675.49264194147,268314.8991406836,287389.2480110777,304173.2187634308,332739.6972788726,357471.09209402255,378708.7435113877,399808.270368724,420567.6563478331,439367.58293143136,454911.5351783733
-23570.67386677936,-29089.407175063578,-35770.94053283909,-35597.156717600585,-33771.798213451286,-26330.0123974,-21659.673723456435,-8012.455938348598,4911.903188011136,14116.134345301347,25719.3709411666,31432.47845640702,44013.36607191897,57448.29079482343,76501.36959214983,95890.99168499159,102874.15504111884,116997.01315488642,127958.06098088858,135029.3695634341,151355.15318024825,167688.6565879904,183518.6481538643,189351.52469528018,200119.3040350043,209344.10258030245,224809.75614905474,245660.87638178602,260160.7767672026,270714.20934902946,291074.60868684575,306345.2189791545,328451.84371762734,346663.8603101709,359453.7859400824,372921.9941480481
-21136.344207942486,-26529.569356779066,-26381.36530997481,-21470.190118065002,-11667.845418238816,1080.1569433290497,7144.201803251875,16930.080613740494,20742.415880158085,33335.650414659474,42263.644546842035,54090.55848836943,66179.38328639299,76875.13673638637,87173.21692576168,100436.27325984606,115572.11432963859,143166.4039520467,163083.39198736934,187251.36380362196,209609.33099146915,231467.20204435376,242915.81023608882,263239.85393113113,281938.13311196887,298273.1097411703,323016.0133256975,343844.44770888536,359851.4041560589,377013.1888001902,389386.7279056731,403641.5736583038,421409.57720897655,444804.93325076264,464778.72733602405,479583.2017675323
-23848.973658897485,-33638.89006892178,-35870.2477121579,-37397.512909140125,-29180.309919673935,-22783.47447434372,-15478.174023104686,-2548.808746189796,12271.910947904093,25382.765999210023,38335.51042306356,55370.803722954355,74789.92237719052,89539.97839780261,114284.6085147839,126483.31582717769,143992.6304983944,164787.40999717187,187667.61711111586,204746.3670189349,224340.25802429748,252171.6373312322,267788.0401714586,281236.11955812376,299983.4490952821,325252.5602452691,351436.42962510843,368755.582117982,397106.3825530383,414692.49389862095,428528.6481225566,447067.95567852666,457293.5925582282,483132.2847917668,507170.9378147105,522084.31291909073
-22475.62714085931,-28661.446391534468,-32717.904898856024,-29610.648131482703,-23822.257318150994,-11919.398768585343,-1257.7030734812943,8797.36031693004,27024.237992931165,44339.59634747754,55479.34743340445,75179.83678977605,97018.64391601816,108125.15770259988,128429.25228407145,144834.33335531782,168270.18782553112,188411.69708740045,216282.64500741445,239915.92579184892,267251.50749526994,295263.1196379569,325492.5900727422,351993.7416240705,363923.8802159182,385140.6882984585,418835.60896861897,433163.19735359645,448306.3775115959,473484.7049343997,496678.23468750744,512941.4661944377,532462.5582170011,547910.2989106504,578312.3851576671,596969.9039214037
-22085.00579084865,-28592.91904994368,-30397.00682432761,-28456.32194448718,-22482.750647773028,-13632.122509029949,-1226.0080669438103,9233.736735441293,24084.078588734985,35775.94356440154,46375.20763571845,66461.64140489453,83718.34534466913,95137.98692132301,106266.40769847504,128226.45233971321,149822.20413654973,159867.97425477914,172017.9159585173,194998.95167693688,204765.18939085084,228430.79264517498,249360.2077672493,263250.70292323414,288742.89677588764,316176.93842471804,342818.0877240291,363331.7020315056,386023.5932156602,412888.1831183607,427139.1316586359,451210.52531741495,471912.5254470266,498978.57571932697,521666.5196308873,533239.7603938058
-24398.95279330459,-29144.070657822856,-32446.094019726333,-26635.776160757385,-22559.065064617957,-7510.13490485739,6197.470027202173,26674.85487932156,39267.47607820961,54437.298240091055,73222.27238137688,96183.80050602922,112815.47567918932,126126.99413745069,154331.54187898198,178195.24550891086,196857.9510017156,215004.68192954117,245270.1967512671,272305.99357369833,290654.8469905329,322773.2634595388,347522.56938241085,371321.17889100825,401137.2058266527,425613.06054000184,450839.1904522824,483542.11155114125,512237.17531196505,547059.356501479,572095.9262636898,596935.6583284986,621019.8308506378,652493.6961895525,678299.7136015863,715247.4167329158
-24641.835486557095,-31549.772543583997,-32264.669793673835,-25318.311514284484,-16255.780480898182,-1470.9146395361095,9178.172673754052,21426.348588291257,34862.16802794826,59264.171452864735,78750.30786817608,103658.47527918499,120396.50630045898,144662.20318225148,165026.45937332045,195598.416647118,223774.4658216446,247682.38167554027,285156.119861076,317573.67540183244,352537.9474945911,382364.9166505018,414751.1436460192,443089.5278886773,474400.1819195795,498908.7714740017,539611.2815217564,562817.9511170983,588752.9050688682,618817.2477046804,644862.1450136575,680095.7265418348,710956.2124195447,729771.7110794534,766918.6700913389,805713.9069065257
-22080.937917653413,-26213.254232787993,-23730.02980793421,-16004.80224976637,-10719.015011244825,1867.0411685466752,13308.105386057803,31734.53166911858,44301.47258106329,57979.177958184526,72600.31835331631,98969.69023280653,114061.38504615608,144682.39658869238,172608.83434212487,189853.9704548944,201723.20925149677,224517.8665947597,254388.05343018717,288790.03352217784,304270.15608348267,325014.2609380228,349842.5995372682,366667.7180227016,400173.6849336581,432977.2694139352,455657.2126466343,485177.8975434088,514245.6514663854,540572.0601268722,568012.7946411464,592346.1582027616,621918.6589723359,646332.9647446583,676093.7562245595,706035.0887986021
-23504.83485135132,-28333.35087284047,-25498.92702385062,-17986.07944936923,-3952.2086056495173,6506.015191357947,26623.770069658392,39158.92913252044,50597.72646400897,69143.83704827438,93370.67222923516,105192.33191848866,120324.7465932888,138985.88795978512,162540.33906597563,190833.90061636257,221215.0965134712,244855.27466150976,273019.73644752277,292888.1850297913,317926.3707646304,338487.2637634456,362745.36481790396,376551.3247708817,404189.43914288003,445183.8344442903,481837.0858933623,512265.9107443219,537392.755083932,563542.6402570072,587984.4508376092,604933.2823105659,625019.1760797165,658913.3617577394,694683.3475828844,710035.8582928766
-22937.815800363,-26710.125951379196,-31773.083200477275,-29007.898392064213,-19394.911833299833,-12263.830941431632,5747.08892573943,24034.27924489358,44744.31678392377,55249.72816631055,79524.77598463808,102795.7477636838,120253.71362499607,147967.0259757355,159408.59536888756,190339.03701988517,213834.76104917802,231504.94242915005,255723.2954349221,286684.91566032404,312078.4641116868,332845.7765464401,351176.0493517436,375713.4170368606,398729.11055808334,425730.3272302031,460603.9568740453,490832.87315991556,517853.50746611797,532253.9396984146,564148.1714167084,600982.3999718986,635983.793810397,669779.371122125,702223.7856685196,721206.6754072409
-20709.235031777134,-28085.46111968696,-29247.99273469884,-30006.087644080595,-28097.422513207217,-19978.57580972174,-9554.821378049448,-4975.599154455522,6142.361095752749,22315.472809623643,41677.967390210564,56206.34792514452,66553.15668047851,88782.90157802631,103125.4359307487,123859.76818882562,147075.97700238135,172107.90713939763,187418.79194691245,207020.57461451093,231781.26588205484,255582.85920996376,278158.54732625926,292617.66680631007,310953.9754589298,335860.75423595845,349499.7963333628,358996.4114863059,373979.67105311237,388957.38281866483,405585.97469853295,419825.1591056408,428707.00267493416,444050.46119285934,456895.4691313134,477627.15594734
-24361.38013075431,-30563.19736463835,-34725.60966575998,-36248.06680759754,-34378.03648192467,-35258.120726201596,-28911.850112589127,-21117.57681310833,-7886.108307434311,5413.288749086416,17829.176375200645,26333.6566538885,35014.38933427998,41108.6460601049,53051.15162843682,60026.24121164892,73286.3726079285,83209.57020050575,95126.71535329134,113611.31348041187,133817.40476107004,149699.28571694886,163097.04757960516,176923.44347422456,190159.02709115256,202017.0991569858,210049.49577341636,224724.51347299066,235721.02667319257,243203.4688813386,263286.73278128635,276896.95613239217,292499.13735061476,307451.1479495632,324719.29700967955,343113.8981653395
-22055.34683916821,-29027.130567148342,-34219.294238415605,-28360.395585874736,-24048.62681486823,-13193.166448905817,1084.9970594786719,12902.642994381444,27079.06951469957,44430.12931905201,71050.9151054003,93181.63983651798,114673.62570395053,141562.0341823274,163223.85335163405,183956.33162020642,210547.73496303026,225819.6607066368,246788.2167981788,270982.25506319746,304162.2906975738,326513.5735504754,348499.1942165138,374999.22569465416,399742.9954593604,436073.3097940998,474311.02895150497,496853.80635223404,522414.07128020935,545096.805334027,563854.2802218026,594836.955049075,620401.3591298908,642586.2334726007,661878.7087992937,683663.980399845
-23993.614289504694,-26201.108308199175,-20808.13556516257,-18940.281625883938,-17332.26685936217,3192.76198038429,13034.027789081687,28288.542267769873,38346.482478029975,52166.16739506521,68525.77002089893,81656.75504988222,103331.86008976746,129878.97419329721,166386.1585242842,183757.08063946807,198364.37326928932,237779.86961527116,263434.0048197155,299116.4734250919,326864.5834007647,365278.56935004704,394398.3284011105,423633.3942522706,440470.3120438232,458138.4938856876,496045.7312356591,522426.6860196298,549027.0021034752,572626.8286449207,600849.3329220212,629061.5926758201,661138.5801264867,699644.9240404293,745635.9742460127,777965.5798624017
-22852.760707914174,-32147.339125135644,-33160.092177199454,-27657.749618279275,-22265.167255964494,-5201.670912944959,2559.531717673948,6682.503601918623,19211.814275110504,35118.5261426933,54588.98857604673,77183.70360608851,95185.51997088813,105651.64907757062,130304.68171899277,151626.16672744945,162901.50989880317,189475.2860608672,205193.53285606712,229254.37141421007,254895.1824163784,278408.73088124325,291650.07087112794,309410.7267128567,333760.9314307885,360793.1787391951,380750.3634672301,404277.53841916134,425669.3599913312,441371.6531454863,470135.31933962647,494893.40223486064,507228.29526356846,531438.5584698289,546579.4939812496,573065.941461057
-23406.651787915776,-27654.11205537778,-31224.08666921469,-33246.99744182569,-32803.93969270606,-24185.289486947077,-10736.111703699164,1142.8467625274789,17768.96173842669,35923.86103983616,51577.6163664973,72575.26442771862,98005.69543213116,119488.47253278652,140930.8711108117,165843.45834305554,185001.75350776582,206034.99833194923,230673.9553224045,247478.1478058686,259909.74293931472,268546.4344879866,292730.3438168491,322622.22483431705,337244.41569298855,353157.8496412409,374667.00735301024,389210.79182541196,411960.1405652702,438894.3851171497,455051.81828844664,474373.58152740425,500663.85871782666,527290.0999184402,538070.8229128479,553403.220985918
-23666.777153705458,-33287.38019986547,-37540.463626536155,-34954.1486232641,-27286.95131901862,-12931.231969761022,-1782.9731655003998,7249.732693724087,23881.66577747483,33261.36746039192,50613.07328908521,69940.69115720026,80089.10142342413,99627.45156712724,116764.20157638637,137840.3389157215,164209.6404655996,186145.49752134885,202662.623316488,213211.19317079365,238025.87299233495,252086.92796553596,273586.35213497985,287102.74788342096,312468.08047071367,341589.08535069897,364851.9692225306,386491.29338230425,408260.5440734072,419639.998490109,439855.859738342,455278.54570437653,469002.70198766474,483012.7400163035,512763.184318917,534205.1602525329
-23566.98916648522,-31262.93350926908,-39231.666517646925,-38686.19628481072,-40165.74240017214,-37397.6292215065,-32642.932033826917,-25354.640653972572,-13554.096643742203,-3152.0508153868723,9982.22130859361,22135.41717740419,39033.7223126723,55795.32609911672,69063.58476506121,84894.27226892846,96613.50399851512,116396.87872352377,128455.56220313838,148161.16584600168,164414.12344755628,177889.45492228455,187029.89797492564,204847.4145163256,215710.26974721588,221963.2055240483,233005.63648486475,240385.47404790227,250319.26384242083,264468.706553178,282775.22452374425,295511.10516511626,306306.95733214566,322235.1180018916,337751.3250439131,345991.7608595134
-23132.411380475445,-27131.493189549925,-28445.412718817563,-28029.336739362283,-25898.12250269534,-18540.080978368118,-7457.235334924568,5190.0549863708,17013.72815009876,24977.69136409332,37838.42461756428,52916.440521823766,72245.43541879748,95896.54102623012,120972.95027464513,137994.402974552,149974.17138099353,167333.3666028204,181731.1444714568,195724.33850322122,217478.65641301917,250597.13939130574,282729.94672630605,307366.5590582336,338866.92415910825,364081.5194000315,390821.26305462903,408597.80908293393,431469.3294611239,455484.0618528231,484232.42440866213,506528.80324980326,529287.9630174711,548557.750397124,568985.577401491,601626.8366113568
